ticker,batch,fee_quote,aum_quote,legal_quote,agent_notes,downgrade,stale
AAAU,B09_misc_a,"Fund Facts | Total Expense Ratio | 0.18% (no net or gross label; fact sheet 'As of September 30, 2026')","Fund Facts | Net Assets (MM) $2684.10 (fact sheet 'As of September 30,2026')","Nothing contained in this material should be construed as an offer ... of Goldman Sachs Physical Gold ETF (the ""Trust""). The Trust is not a standard ETF.","Fact sheet PDF read directly (ticker AAAU on page). Net assets is stated in $ millions to 2 decimals and converted to USD (2,684,100,000, precision about $10k). Fee is labelled 'Total Expense Ratio' with no net label, so unknown. Inception 'Inception Date 07.26.18'. The fact sheet says the Trust is not a commodity pool for CEA purposes; legal_form is marked yes because the issuer document identifies the vehicle as a Trust (Goldman Sachs Physical Gold ETF), and this should be read with that caveat.",,
ACWI,B01_ishares_a,Expense Ratio:Fees as stated in the prospectus | 0.32% | no as-of date shown,"Net Assets: $33,254,235,558, as of Oct 09, 2026",,"Page is for ACWI. Fee label ambiguous, no as-of date. No legal-form sentence in fetched text (page truncated).",,
AGG,B01_ishares_a,Expense Ratio:Fees as stated in the prospectus | 0.03% | no as-of date shown,"Net Assets of Fund: $137,104,891,172, as of Oct 09, 2026",,"Page is for AGG. Fee label ambiguous, no as-of date. No legal-form sentence in fetched text.",,
AGQ,B07_proshares_direxion,"""Expense Ratio"" ""0.95%"" (Snapshot; no net or gross label; no as-of date)","""Net Assets"" ""$1,281,174,688""; no date given",ProShares Trust II is a commodity pool as defined in the Commodity Exchange Act,"Fetched the www.proshares.com AGQ page (prod lead not used). Page has only a generic footnote that 'the expense ratio for certain funds includes a contractual fee waiver', not AGQ-specific, so no waiver recorded. Inception shown as 12/1/08. Registrant ProShares Trust II named on page.",,
AIPI,B10_misc_b,Footnote: 'The REX AI Equity Premium Income ETF has a gross expense ratio of 0.65%.' with 'Total Expense Ratio 0.65%' (no as-of date),"'Fund Assets $494,984,750.00' with the nearest 'As of 10/08/2026' heading the NAV block, not attached to the value",The Fund is an actively managed exchange-traded fund (“ETF”) that seeks capital appreciation and current income,"Gross-only, no date, so no net fee. AUM date is ambiguous on the page, so AUM left null. Inception 'Fund Inception 06/04/2024'.",,
AIPO,B10_misc_b,'Gross Expense Ratio 0.69%' (no as-of date shown),"'Net Assets $923.27M', 'Data as of 10/08/2026'",,"Gross-only figure with no date, so no net fee. AUM value is shown rounded to $0.01M in the source. Page names Defiance ETFs LLC and Tidal Investments but gives no legal-form statement.",,
AIQ,B05_global_x,"Summary prospectus fee table: ""Management Fees"" 0.68%; ""Other Expenses"" 0.00%; ""Total Annual Fund Operating Expenses"" 0.68% (no fee waiver or reimbursement line). Product page: ""Total Expense Ratio"" 0.68%, Key Information ""As of Oct 08 2026"".","""Net Assets"" ""$10.51 billion"" (Key Information, ""As of Oct 08 2026""); rounded to two decimals of a billion as displayed.",,"Fee: no net/gross label anywhere; 'net' rests on the summary prospectus fee table (Total Annual Fund Operating Expenses, no waiver line), which matches the page value. Legal: summary prospectus names a 'Board of Trustees' and 'Funds Prospectus' but has no sentence stating the legal form; AIQ's summary lacks the 1940 Act classification sentence present in most sibling funds. Full prospectus/SAI and annual report not readable from the PDF tool.",,
AMDY,B08_yieldmax_ark_roundhill,Fund Details: 'Gross Expense Ratio: 1.00%' (no as-of date beside it),Fund Details: 'Net Assets: $483.23M' - no as-of date adjacent,'The YieldMax AMD Option Income Strategy ETF (AMDY) is an actively managed ETF',"Gross only, net not used. AUM null (no adjacent as-of date). Ticker and name confirmed on page.",,
AMZY,B08_yieldmax_ark_roundhill,Fund Details: 'Gross Expense Ratio: 1.09%' (no as-of date beside it),Fund Details: 'Net Assets: $214.45M' - no as-of date adjacent,'The YieldMax AMZN Option Income Strategy ETF (AMZY) is an actively managed ETF',"Gross only, net not used. AUM null (no adjacent as-of date). Ticker and name confirmed on page.",,
AOR,B02_ishares_b,Net Expense Ratio:Fees as stated in the prospectus 0.15%; Expense Ratio:Fees as stated in the prospectus 0.20% (neither shows an as-of date),"Net Assets of Fund $3,961,307,230 as of Oct 09, 2026",,"Name mismatch: batch says 'iShares Core Growth Allocation ETF' but the page (ID 239756, slug ishares-growth-allocation-etf; batch lead slug was robotics) is 'iShares Core 60/40 Balanced Allocation ETF', ticker AOR. Labelled 'Net Expense Ratio' 0.15% exists, but the row has no as-of date, so fee value is null per rule (designation set to net to record the label). Waiver text not found on the page (a search snippet cited a fee waiver through 11/30/2026 via the fact sheet, not fetched/verified). No legal-form text on page.",,
ARGT,B05_global_x,"Summary prospectus fee table: ""Management Fees"" 0.59%; ""Other Expenses"" 0.00%; ""Total Annual Fund Operating Expenses"" 0.59% (no fee waiver or reimbursement line). Product page: ""Total Expense Ratio"" 0.59%, Key Information ""As of Oct 08 2026"".","""Net Assets"" ""$708.89 million"" (Key Information, ""As of Oct 08 2026"").","""The Fund is classified as a nondiversified investment company under the Investment Company Act of"" (year digits not decoded from PDF)","Fee table from the 'dev' path (production path 404); dated March 1, 2025; page value identical as of Oct 08 2026. Legal: investment company under the 1940 Act; 'series of a trust' wording not found.",,
ARKF,B08_yieldmax_ark_roundhill,Fund Details: 'Expense Ratio 0.75%' (no net or gross label),Fund Details: 'Fund AUM $1.42 Billion' - no as-of date found in the extracted fact sheet text,"ARK ETF Trust semi-annual report (issuer PDF): 'The Trust was organized as a Delaware statutory trust on June 7, 2013.'; 'open-end management investment company registered under the Investment Company Act of 1940'; the Trust's portfolios include ARK Fintech Innovation ETF.","Fee unlabelled, unknown and not used. AUM value present but no date found in the extracted text, so null. Search summary claimed a 9/30/2025 stamp, but my extraction of the fact sheet found none; not relied on. Extracted fact sheet text is short (about 4k chars), so a partially rendered date is possible but not seen.",,
ARKG,B08_yieldmax_ark_roundhill,Fund Details: 'Expense Ratio 0.75%' (no net or gross label),"Fund Details: 'Fund AUM $1.09 Billion'; 'ARK GENOMIC REVOLUTION ETF Information as of September 30, 2025'","ARK ETF Trust semi-annual report (issuer PDF): 'The Trust was organized as a Delaware statutory trust on June 7, 2013.'; 'open-end management investment company registered under the Investment Company Act of 1940'; the Trust's portfolios include ARK Genomic Revolution ETF.","Fee unlabelled, unknown and not used. AUM recorded rounded to display precision ($1.09B). Fact sheet stamped 2025-09-30.",,
ARKK,B08_yieldmax_ark_roundhill,Fund Details: 'Expense Ratio 0.75%' (no net or gross label; no footnote on the fee in the fact sheet),"Fund Details: 'Fund AUM $8.27 Billion'; 'ARK INNOVATION ETF Information as of September 30, 2025'","ARK ETF Trust semi-annual report (issuer PDF): 'The Trust was organized as a Delaware statutory trust on June 7, 2013.' and 'ARK ETF Trust is an open-end management investment company registered under the Investment Company Act of 1940'; the Trust's eight portfolios include ARK Innovation ETF.","Fee label is unlabelled 'Expense Ratio', so unknown and not used. Fact sheet data stamped 2025-09-30 (about 1 year old); AUM value shown to 2 decimals in billions, recorded rounded to display precision. Summary prospectus (ARKK_Summary_Prospectus.pdf) states 'The Fund commenced operations on October 31, 2014', consistent with fact sheet. ark-funds.com HTML returns 403 to fetch tools; fact sheet obtained from etfs.ark-funds.com (ARK subdomain) found via search, then fetched directly.",,
ARKQ,B08_yieldmax_ark_roundhill,Fund Details: 'Expense Ratio 0.75%' (no net or gross label),"Fund Details: 'Fund AUM $1.53 Billion'; 'ARK AUTONOMOUS TECH. & ROBOTICS ETF Information as of September 30, 2025'","ARK ETF Trust semi-annual report (issuer PDF): 'The Trust was organized as a Delaware statutory trust on June 7, 2013.'; 'open-end management investment company registered under the Investment Company Act of 1940'; the Trust's portfolios include ARK Autonomous Technology & Robotics ETF.","Fee unlabelled, unknown and not used. AUM recorded rounded to display precision ($1.53B). Fact sheet stamped 2025-09-30. Fact sheet from etfs.ark-funds.com; ark-funds.com HTML returns 403.",,
ARKW,B08_yieldmax_ark_roundhill,Fund Details: 'Expense Ratio 0.82%' (no net or gross label),"Fund Details: 'Fund AUM $2.56 Billion'; 'ARK NEXT GENERATION INTERNET ETF Information as of September 30, 2025'","ARK ETF Trust semi-annual report (issuer PDF): 'The Trust was organized as a Delaware statutory trust on June 7, 2013.'; 'open-end management investment company registered under the Investment Company Act of 1940'; the Trust's portfolios include ARK Next Generation Internet ETF.","Fee unlabelled, unknown and not used. AUM recorded rounded to display precision ($2.56B). Fact sheet stamped 2025-09-30.",,
ARKX,B08_yieldmax_ark_roundhill,"Fund Details: 'Net Expense Ratio 0.75% 2'; footnote 2: '[2] The net expense ratio for ARKX is 0.75%. The gross expense ratio is 0.78%. ARK has voluntarily agreed to waive a portion of its management fee ... The fee waiver arrangement will continue through at least 11/30/2025.' Stamp: 'ARK SPACE EXPLORATION & INNOVATION ETF Information as of September 30, 2025'","Fund Details: 'Fund AUM $447.65 Million'; 'Information as of September 30, 2025'","ARK ETF Trust semi-annual report (issuer PDF): 'The Trust was organized as a Delaware statutory trust on June 7, 2013.'; 'open-end management investment company registered under the Investment Company Act of 1940'; the Trust's portfolios include ARK Space Exploration & Innovation ETF (renamed ARK Space & Defense Innovation ETF per search, not verified on a current document).","Only ARK fund with an explicitly labelled net expense ratio. Fact sheet is pre-rename (shows 'ARK Space Exploration & Innovation ETF'), so it is stale relative to the batch name 'ARK Space & Defense Innovation ETF'; ticker matches. Fee and AUM stamped 2025-09-30, and the waiver text runs only through 11/30/2025 per the document. No current fact sheet found. ark-funds.com HTML returns 403. Summary prospectus not checked.",,
ASEA,B05_global_x,"Summary prospectus fee table: ""Management Fees"" 0.65%; ""Other Expenses"" 0.00%; ""Total Annual Fund Operating Expenses"" 0.65% (no fee waiver or reimbursement line). Product page: ""Total Expense Ratio"" 0.65%, Key Information ""As of Oct 08 2026"".","""Net Assets"" ""$96.62 million"" (Key Information, ""As of Oct 08 2026"").","""The Fund is classified as a nondiversified investment company under the Investment Company Act of"" (year digits not decoded from PDF)","Fee table from the 'dev' path (production path 404); dated March 1, 2025; page value identical as of Oct 08 2026. Legal: investment company under the 1940 Act; 'series of a trust' wording not found.",,
AVDV,B09_misc_a,NET EXPENSE RATIO 0.36% As of 01/01/2026; GROSS EXPENSE RATIO 0.36% As of 01/01/2026,,,"Fee verified on the issuer trading-details page (curl HTML). No net assets or inception date on the page. Page says ETFs trade on exchange, which is generic. Legal form not confirmed.",,
AVUV,B09_misc_a,NET EXPENSE RATIO 0.25% As of 01/01/2026; GROSS EXPENSE RATIO 0.25% As of 01/01/2026,,,"Fee verified on the issuer page (static HTML from curl; WebFetch gave the same). The page shows NAV as of 10/08/2026 but no net assets figure and no inception date. Page only says ETFs are bought and sold on exchange, which is generic. Legal form not confirmed. Fee date is the only date shown for the fee.",,
BIL,B04_state_street_spdr,"""Gross Expense Ratio"" 0.1353% (under heading ""Fund Information as of Oct 09 2026""; no date on the ratio itself); defined as ""gross of any fee waivers or expense reimbursements""","""Assets Under Management"" $50,805.68 M ""as of Oct 08 2026""",,"Only gross fee on page, so net null. Page never states legal form (only 'SPDR Exchange Traded Funds (ETFs)' banner). Prospectus not reachable; search snippets for SPDR Series Trust not used.",,
BITO,B07_proshares_direxion,"""Expense Ratio"" ""0.95%"" (no as-of date; no net or gross label)","""Net Assets"" ""$1,665,757,651""; no date beside it (only ""as of 10/09/2026"" above the Price section)",BITO is the first ETF to target the performance of bitcoin.,Fee shown only as unlabelled 'Expense Ratio' so designation unknown and value not used. No waiver on page. Inception shown as 10/18/21 (Snapshot) and 10/18/2021 (performance table). Registrant trust not named on product page.,,
BITQ,B10_misc_b,"'Expense Ratio 0.85%' (no net/gross label, no date)","'Net Assets (AUM) $417,982,715' under the Fund Details heading with 'Data as of 10/07/2026' above the table (block-level label, not beside the value)","BITQ is a traditional, regulated exchange-traded fund, giving you simplicity and ease of use.","Fee has no net/gross label and no date, so not used. AUM date is a Fund Details block label; accepted as block-level, reviewer may tighten. Inception read via WebFetch summary, value not seen in raw HTML.",,
BITU,B07_proshares_direxion,"""Expense Ratio"" ""0.98%"" (Snapshot; no net or gross label; no as-of date)","""Net Assets"" ""$578,383,150""; no date attached to this figure",This ProShares ETF seeks daily investment results that correspond,Fee shown only as unlabelled 'Expense Ratio' so designation unknown and value not used. Inception shown as 4/1/24 (Snapshot) and 04/01/2024 (performance table). Registrant trust not named on product page.,,
BLOK,B10_misc_b,"'Total Expense Ratio 0.70%' (no net/gross label, no as-of date shown)","'Net Assets $1,052,682,534' with 'Data as of 10/08/2026'",,"Fee has no net/gross label and no date, so not used. Inception 'Fund Inception: 01/16/2018' (performance section, as of 09/30/2026); Fund Details shows 'Launch Date 01/17/2018', a one-day discrepancy not explained on the page. Page does not state legal form.",,
BND,B03_vanguard,"Fact sheet, As of June 30, 2026: 'Expense ratio 1 0.03%'; footnote 1: 'As reported in the most recent prospectus.'","Fact sheet, As of June 30, 2026: 'ETF total net assets $159,816 million'","Summary prospectus (Apr 28, 2026): 'Exchange-traded fund shares that are not individually redeemable'; 'Vanguard Total Bond Market ETF, an exchange-traded share class of Vanguard Total Bond Market Index Fund'. Full prospectus (Apr 28, 2026, Vanguard Bond ETFs): 'Each Fund is a series of Vanguard Bond Index Funds (the Trust)'","Fee: summary prospectus 'Total Annual Fund Operating Expenses 0.03%', no net or waiver line; left null. Only BND-family legal wording ('series of Vanguard Bond Index Funds') was checked in the full prospectus. AUM is ETF-class; fund-level total $398,069 million on same sheet.",,
BNDX,B03_vanguard,"Fact sheet, As of June 30, 2026: 'Expense ratio 1 0.07%'; footnote 1: 'As reported in the most recent prospectus.'","Fact sheet, As of June 30, 2026: 'ETF total net assets $82,965 million'","Summary prospectus (Feb 2026 version): 'Exchange-traded fund shares that are not individually redeemable'; 'Vanguard Total International Bond ETF, an exchange-traded share class of Vanguard Total International Bond Index Fund'","Fee: summary prospectus 'Total Annual Fund Operating Expenses 0.07%', no net or waiver line; left null. AUM is ETF-class; fund-level total $123,286 million on same sheet.",,
BNO,B10_misc_b,Overview label 'Total Expense Ratio' with blank value (JavaScript-rendered),Key Facts label 'Total Net Assets' with no value or date rendered,"BNO, CPER, UGA, UNG, UNL, USCI, USL, and USO are commodity pools regulated by the Commodity Futures Trading Commission.","No fee or AUM values rendered; no issuer fact sheet or prospectus PDF found on uscfinvestments.com. Inception from 'BNO commenced operations on 06/02/2010.' Name on page: 'United States Brent Oil Fund, LP'.",,
BOIL,B07_proshares_direxion,"""Expense Ratio"" ""0.95%"" (Snapshot; no net or gross label; no as-of date)","""Net Assets"" ""$337,000,163""; no as-of date attached to this value",ProShares Trust II is a commodity pool as defined in the Commodity Exchange Act,"Fee shown only as unlabelled 'Expense Ratio' so designation unknown and value not used. Generic 'certain funds' waiver footnote only, not BOIL-specific, so no waiver recorded. Inception shown as 10/4/11.",,
BOTZ,B05_global_x,"Summary prospectus fee table: ""Management Fees"" 0.68%; ""Other Expenses"" 0.00%; ""Total Annual Fund Operating Expenses"" 0.68% (no fee waiver or reimbursement line). Product page: ""Total Expense Ratio"" 0.68%, Key Information ""As of Oct 08 2026"".","""Net Assets"" ""$3.31 billion"" (Key Information, ""As of Oct 08 2026""); rounded as displayed.","""The Fund is classified as a nondiversified investment company under the Investment Company Act of"" (year digits not decoded from PDF)","Fee table from the 'dev' path (production path 404); dated April 1, 2025; page value identical as of Oct 08 2026. Legal: investment company under the 1940 Act; 'series of a trust' wording not found.",,
BTCO,B06_invesco,"Digital asset suite table, column 'Expense ratio': BTCO 0.25% (no as-of date; not labelled net or gross)",,"""The Trust is a grantor trust for U.S. federal income tax purposes.""","Lead contentdetail URL returned HTTP 400. The BTCO suite page (galaxy-bitcoin-btco.html) lists the 0.25% expense ratio with no date and no net/gross label, so unknown. Legal quote is from Invesco's 2025 Grantor Trust Reporting Statement PDF on invesco.com (print date not extracted). No AUM or inception date found on issuer pages. Search-result claims (0.25% with a June 30, 2026 fact sheet, waiver history) were not verified on an issuer page and are not used.",,
BUG,B05_global_x,"Summary prospectus fee table: ""Management Fees"" 0.50%; ""Other Expenses"" 0.00%; ""Total Annual Fund Operating Expenses"" 0.50% (no fee waiver or reimbursement line). Product page: ""Total Expense Ratio"" 0.50%, Key Information ""As of Oct 08 2026"".","""Net Assets"" ""$2.20 billion"" (Key Information, ""As of Oct 08 2026""); rounded as displayed.","""The Fund is classified as a nondiversified investment company under the Investment Company Act of"" (year digits not decoded from PDF)",Fee and legal per summary prospectus (production path). Batch name 'Global X Cybersecurity' matches page 'Cybersecurity ETF (BUG)'. Legal: investment company under the 1940 Act; 'series of a trust' wording not found.,,
CIBR,B09_misc_a,Quarterly | Total Expense Ratio* | 0.58% | * As of 2/2/2026 (no net or gross label; fee breakpoints text only),"Current Fund Data (as of 10/8/2026) | Total Net Assets | $18,431,244,904",The First Trust Nasdaq Cybersecurity ETF is an exchange-traded fund.,"Page is for CIBR (First Trust Nasdaq Cybersecurity ETF), verified in static HTML. Only a Total Expense Ratio is shown, not labelled net, so designation is unknown and the 0.58% is not used. Its footnote date 2/2/2026 is recorded only here. Inception from 'Inception Date is 7/6/2015'.",,
CLOU,B05_global_x,"Summary prospectus fee table: ""Management Fees"" 0.68%; ""Other Expenses"" 0.00%; ""Total Annual Fund Operating Expenses"" 0.68% (no fee waiver or reimbursement line). Product page: ""Total Expense Ratio"" 0.68%, Key Information ""As of Oct 08 2026"".","""Net Assets"" ""$394.40 million"" (Key Information, ""As of Oct 08 2026"").","""The Fund is classified as a nondiversified investment company under the Investment Company Act of"" (year digits not decoded from PDF)",Fee and legal per summary prospectus (production path). Legal: investment company under the 1940 Act; 'series of a trust' wording not found.,,
CONL,B10_misc_b,"'Total Expense Ratio -', 'Net Expense Ratio -' (blank values)",'AUM -' (blank value),,"Page is an unpopulated template for fee and AUM fields. Inception 'Aug 9, 2022'. Only legal reference is document titles naming 'GraniteShares ETF Trust', which do not state the vehicle's legal form.",,
CONY,B08_yieldmax_ark_roundhill,Fund Details: 'Gross Expense Ratio: 1.04%' (no as-of date beside it),Fund Details: 'Net Assets: $359.65M' - no as-of date adjacent,'The YieldMax COIN Option Income Strategy ETF (CONY) is an actively managed ETF',"Gross only, net not used. AUM null (no adjacent as-of date). Ticker and name confirmed on page.",,
COPX,B05_global_x,"Summary prospectus fee table: ""Management Fees"" 0.65%; ""Other Expenses"" 0.00%; ""Total Annual Fund Operating Expenses"" 0.65% (no fee waiver or reimbursement line). Product page: ""Total Expense Ratio"" 0.65%, Key Information ""As of Oct 08 2026"".","""Net Assets"" ""$7.10 billion"" (Key Information, ""As of Oct 08 2026""); rounded as displayed.","""The Fund is classified as a nondiversified investment company under the Investment Company Act of"" (year digits not decoded from PDF)","Fee table from the 'dev' path of the issuer's assets host (production path 404); dated March 1, 2025; page value identical as of Oct 08 2026. Legal: investment company under the 1940 Act; 'series of a trust' wording not found.",,
CORN,B10_misc_b,'Expense Ratio* 0.61%' (no net/gross or date),'Total Net Assets' label with no value; 'Daily Facts as of' header has no date,,"No net/gross or waiver wording; no legal-form statement (only a Form S-1 dated April 30, 2025 in the footnote). Inception read via WebFetch summary.",,
CPER,B10_misc_b,Overview label 'Total Expense Ratio' with no value rendered (JavaScript-rendered),Key Facts label 'Total Net Assets' with no value or date rendered,"BNO, CPER, UGA, UNG, UNL, USCI, USL, and USO are commodity pools regulated by the Commodity Futures Trading Commission.",USCF page is JavaScript-rendered; no fee or AUM values in HTML or WebFetch. No issuer fact sheet or prospectus PDF found on uscfinvestments.com. Inception from 'CPER commenced operations on 11/15/2011.',,
CTEC,B05_global_x,"Summary prospectus fee table: ""Management Fees"" 0.50%; ""Other Expenses"" 0.00%; ""Total Annual Fund Operating Expenses"" 0.50% (no fee waiver or reimbursement line). Product page: ""Total Expense Ratio"" 0.50%, Key Information ""As of Oct 08 2026"".","""Net Assets"" ""$24.57 million"" (Key Information, ""As of Oct 08 2026"").","""The Fund is classified as a nondiversified investment company under the Investment Company Act of"" (year digits not decoded from PDF)","NAME MISMATCH: batch says 'Global X CleanTech'; the issuer page is 'Global X ClimateTech ETF (CTEC)'. Verified against the page ticker CTEC. Fee table from the 'dev' path (production path 404); dated April 1, 2025; page value identical as of Oct 08 2026. Legal: investment company under the 1940 Act; 'series of a trust' wording not found.",,
CWEB,B07_proshares_direxion,,,,"Direxion product URL https://www.direxion.com/product/daily-csi-china-internet-index-bull-2x-etf not fetched (direxion.com returns HTTP 403 to WebFetch). WebSearch snippets reported gross 1.27%, net 1.27%, inception 11/02/2016, undated and unconfirmed, so not used. No net assets found.",,
DBA,B06_invesco,Commodity table row DBA: 'Total expense ratio' 0.93%; 'Net expense ratio' 0.88% (no as-of date on page; no waiver footnote on this row),"Invesco DB Agriculture Fund Statements of Financial Condition, 'March 31, 2022 and December 31, 2021 (Unaudited)': 'Total shareholders' equity 1,877,906,186 1,018,200,047' (first column = March 31, 2022)","""Invesco DB Agriculture Fund (the Fund), a separate series of Invesco DB Multi-Sector Commodity Trust (the Trust), a Delaware statutory trust organized in seven separate series, was formed on August 3, 2006.""","Net 0.88% label is undated on the commodity page, so value withheld. AUM is from issuer's Q1 2022 Form 10-Q (quarter ended 2022-03-31) on invesco.com, so it is stale. Inception not found: 'formed on August 3, 2006' is formation, not inception, so null. Lead DBA fact sheet PDF returned a country splash page, not the fund.",,
DBC,B06_invesco,Commodity table row DBC: 'Total expense ratio' 0.89%; 'Net expense ratio' 0.84% (no as-of date on page; no waiver footnote on this row),,,"Net label seen but undated, so value withheld. Lead product page and contentdetail page show only the title and navigation. Monthly report 'Invesco DB Commodity Index Tracking Fund (DBC) 09.30.24' (contentId 1bfdb304...) returned a PDF whose extracted text was garbled and partial; its shareholders' equity figure was not reliably readable, so AUM is null. Legal form: the DBA and DBO 10-Q copies on the same domain state the Invesco DB Multi-Sector Commodity Trust is a Delaware statutory trust, but no DBC-specific document was verified, so legal is 'no'. Note DBC's 'Balance at August 31, 2024' garbled figure was not used.",,
DBO,B06_invesco,Commodity table row DBO: 'Total expense ratio' 0.81%; 'Net expense ratio' 0.75% (no as-of date on page; no waiver footnote on this row),"Invesco DB Oil Fund Statements of Financial Condition, 'March 31, 2022 and December 31, 2021 (Unaudited)': 'Total shareholders' equity 510,089,411 434,588,053' (first column = March 31, 2022)","""Invesco DB Oil Fund (the Fund), a separate series of Invesco DB Multi-Sector Commodity Trust (the Trust), a Delaware statutory trust organized in seven separate series was formed on August 3, 2006.""","Net 0.75% label is undated on the commodity page, so value withheld. AUM is from issuer's Q1 2022 Form 10-Q (quarter ended 2022-03-31) on invesco.com, so it is 4.5 years stale; included only because it is dated. Inception not found: the 10-Q gives formation date August 3, 2006, which is not used as inception. Lead DBO fact sheet and product page did not render fee data.",,
DIA,B04_state_street_spdr,"""Gross Expense Ratio"" 0.16% (under heading ""Fund Information as of Oct 09 2026""; no date on the ratio itself)","""Assets Under Management"" $44,405.62 M ""as of Oct 08 2026""","""The shares of the State Street® SPDR® Dow Jones Industrial Average® ETF represent ownership in the State Street® SPDR® Dow Jones Industrial Average® ETF Trust, a unit investment trust.""","Only gross fee on page, so net null. Legal form yes: issuer page says the ETF Trust is a unit investment trust (catalogue structure 'ETF trust'). Fetched twice with consistent wording. Quote is from a fetch summary, so re-check wording against the page if it matters.",,
DRIV,B05_global_x,"Summary prospectus fee table: ""Management Fees"" 0.68%; ""Other Expenses"" 0.00%; ""Total Annual Fund Operating Expenses"" 0.68% (no fee waiver or reimbursement line). Product page: ""Total Expense Ratio"" 0.68%, Key Information ""As of Oct 08 2026"".","""Net Assets"" ""$356.37 million"" (Key Information, ""As of Oct 08 2026"").",,Fee and AUM per summary prospectus and page. Legal: summary prospectus names a 'Board of Trustees' and 'Funds Prospectus' but has no sentence stating the legal form (no 1940 Act classification sentence found); not verified. Batch name 'Global X Autonomous & Electric Vehicles' matches page.,,
DTCR,B05_global_x,"Summary prospectus fee table: ""Management Fees"" 0.50%; ""Other Expenses"" 0.00%; ""Total Annual Fund Operating Expenses"" 0.50% (no fee waiver or reimbursement line). Product page: ""Total Expense Ratio"" 0.50%, Key Information ""As of Oct 08 2026"".","""Net Assets"" ""$2.04 billion"" (Key Information, ""As of Oct 08 2026""); rounded as displayed.","""The Fund is classified as a nondiversified investment company under the Investment Company Act of"" (year digits not decoded from PDF)",Fee and legal per summary prospectus (production path). Batch name 'Data Center & Digital Infra' vs page 'Data Center & Digital Infrastructure ETF (DTCR)': same fund. Inception 10/27/20 is the same date shown for CTEC on its page; reported as displayed. Legal: investment company under the 1940 Act; 'series of a trust' wording not found.,,
EIDO,B02_ishares_b,Expense Ratio:Fees as stated in the prospectus 0.59% (no as-of date shown),"Net Assets of Fund $400,490,968 as of Oct 08, 2026",,"Page is EIDO (iShares MSCI Indonesia ETF). Fee undated, not used. No legal-form text on page.",,
EMB,B01_ishares_a,Expense Ratio:Fees as stated in the prospectus | 0.39% | no as-of date shown,"Net Assets: $12,893,705,039, as of Oct 09, 2026",,"Lead URL (US total stock market slug) was wrong; correct page at ID 239572 is EMB. Fee label ambiguous, no as-of date. No legal-form sentence in fetched text.",,
EMLC,B09_misc_a,,,,"The lead URL is the VanEck UCITS page for a different product (a UCITS vehicle), so it cannot be used for the US ETF EMLC. The vaneck.com US pages are unreachable (cookie-consent redirect loop). Nothing verified.",,
ESPO,B10_misc_b,"Fact sheet 'As of September 30, 2026': Gross Expense Ratio 0.55%; Fee Waivers and Expense Reimbursement --; Net Expense Ratio 0.55%","'Total Net Assets $ 248.06M as of October 08, 2026'",,"Fee from fact sheet PDF (read via curl and Read). Overview HTML shows 'Total Expense Ratio 0.55%' with no date, not used alone. Fact sheet AUM 247.19M as of 9/30 differs from page AUM 248.06M as of 10/08; page used as dated later. No legal-form statement found.",,
EWA,B02_ishares_b,Expense Ratio:Fees as stated in the prospectus 0.50% (no as-of date shown),"Net Assets of Fund $1,180,483,847 as of Oct 08, 2026",,"Page is EWA (iShares MSCI Australia ETF). Fee undated, not used. No legal-form text on page.",,
EWC,B02_ishares_b,Expense Ratio:Fees as stated in the prospectus 0.50% (no as-of date shown),"Net Assets of Fund $7,033,714,241 as of Oct 08, 2026",,"Page is EWC (iShares MSCI Canada ETF). Fee undated, not used. No legal-form text on page.",,
EWG,B02_ishares_b,Expense Ratio:Fees as stated in the prospectus 0.49% (no as-of date shown),"Net Assets of Fund $1,399,494,280 as of Oct 09, 2026",,"Page is EWG (iShares MSCI Germany ETF). Fee undated, not used. Prospectus link is a shared iShares Inc. PDF that was not readable via WebFetch. No legal-form text on page.",,
EWH,B02_ishares_b,Expense Ratio:Fees as stated in the prospectus 0.50% (no as-of date shown),"Net Assets of Fund $1,179,198,468 as of Oct 09, 2026",,"Page is EWH (iShares MSCI Hong Kong ETF). Fee undated, not used. No legal-form text on page.",,
EWI,B02_ishares_b,Expense Ratio:Fees as stated in the prospectus 0.50% (no as-of date shown),"Net Assets of Fund $1,137,375,651 as of Oct 09, 2026",,"Page is EWI (iShares MSCI Italy ETF). Fee undated, not used. No legal-form text on page.",,
EWJ,B01_ishares_a,Expense Ratio:Fees as stated in the prospectus | 0.49% | no as-of date shown,"Net Assets: $23,519,416,179, as of Oct 08, 2026",,"Page is for EWJ. Fee label ambiguous, no as-of date. Only 'exchange-traded' hit is an index-futures sentence, not a legal form. Page truncated.",,
EWM,B02_ishares_b,Expense Ratio:Fees as stated in the prospectus 0.50% (no as-of date shown),"Net Assets of Fund $255,956,509 as of Oct 09, 2026",,"Lead URL was the AGG (Core U.S. Aggregate Bond) slug on ID 239669; the canonical slug page shows EWM (iShares MSCI Malaysia ETF). Fee undated, not used. No legal-form text on page.",,
EWP,B02_ishares_b,Expense Ratio:Fees as stated in the prospectus 0.50% (no as-of date shown),"Net Assets of Fund $2,293,664,111 as of Oct 08, 2026",,"Page is EWP (iShares MSCI Spain ETF) though the lead slug is ishares-core-dividend-growth-etf (wrong slug, right ID). Fee undated, not used. No legal-form text on page.",,
EWQ,B02_ishares_b,Expense Ratio:Fees as stated in the prospectus 0.50% (no as-of date shown),"Net Assets of Fund $330,710,712 as of Oct 08, 2026",,"Page is EWQ (iShares MSCI France ETF). Fee undated, not used. No legal-form text on page.",,
EWS,B02_ishares_b,Expense Ratio:Fees as stated in the prospectus 0.50% (no as-of date shown),"Net Assets of Fund $1,465,163,118 as of Oct 08, 2026",,"Page content is EWS (iShares MSCI Singapore ETF) though the lead slug is ishares-core-aggressive-allocation-etf (wrong slug, right ID). Fee undated, not used. No legal-form text on page.",,
EWT,B01_ishares_a,Expense Ratio:Fees as stated in the prospectus | 0.59% | no as-of date shown,"Net Assets: $12,444,246,853, as of Oct 08, 2026",,"Lead URL had a blog tracking query; the page at ID 239686 is EWT. Fee label ambiguous, no as-of date. Only 'exchange-traded' hit is an index-futures sentence, not a legal form.",,
EWU,B02_ishares_b,Expense Ratio:Fees as stated in the prospectus 0.50% (no as-of date shown),"Net Assets of Fund $3,641,639,480 as of Oct 08, 2026",,"Page is EWU (iShares MSCI United Kingdom ETF). Fee undated, not used. No legal-form text on page.",,
EWY,B01_ishares_a,Expense Ratio:Fees as stated in the prospectus | 0.59% | no as-of date shown,"Net Assets: $25,242,559,491 as of Oct 08, 2026",,"Lead URL (US real estate ETF slug) was wrong; correct page at ID 239681 is EWY. Fee label ambiguous, no as-of date. No legal-form sentence in fetched text.",,
EWZ,B02_ishares_b,Expense Ratio:Fees as stated in the prospectus 0.59% (no as-of date shown),"Net Assets of Fund $11,824,501,529 as of Oct 08, 2026",,"Page is EWZ (iShares MSCI Brazil ETF). Batch name 'Ishares Msci Brazil ETF' matches. Fee undated, not used. No legal-form text on page.",,
EZA,B02_ishares_b,Expense Ratio:Fees as stated in the prospectus 0.59% (no as-of date shown),"Net Assets of Fund $458,043,633 as of Oct 08, 2026",,"Page is EZA (iShares MSCI South Africa ETF). Fee undated, not used. No legal-form text on page.",,
FEPI,B10_misc_b,Footnote: 'The REX FANG & Innovation Equity Premium Income ETF has a gross expense ratio of 0.65%.' with 'Total Expense Ratio 0.65%' (no as-of date),"'Fund Assets $743,775,500.00' with 'As of 10/08/2026' directly beside it",The Fund is a recently organized management investment company with no operating history.,"Gross-only, no date, so no net fee. Legal statement says 'management investment company' and does not use the words ETF or series; marked yes on that basis, reviewer may wish to confirm.",,
FLKR,B09_misc_a,Fund Overview | Total Expense Ratio (%) | 0.09 (no net or gross label; footnote: 'The total annual operating expenses are as of the fund's prospectus available at the time of publication'),"Fund Characteristics | Total Net Assets | $1.79 Billion (factsheet as of September 30, 2026; rounded, so not used)",,"Fact sheet PDF (factsheet as of 9/30/2026) read directly; ticker FLKR on page. The franklintempleton.com product page did not render in WebFetch or curl. A search snippet (not fetched, not used) claimed a 0.09% gross and net fee as of 8/1/2026; not verified. AUM is rounded to $0.01B so left null. Legal vehicle not stated beyond the ETF label.",,
FLOT,B01_ishares_a,Expense Ratio:Fees as stated in the prospectus | 0.15% | no as-of date shown,"Net Assets: $11,321,272,352, as of Oct 09, 2026",,"BATCH NAME WRONG: batch says 'VanEck Australian Floating Rate ETF', but the issuer page at ID 239534 is the iShares Floating Rate Bond ETF (FLOT). Verified on issuer page, so the data is for FLOT. Fee label ambiguous, no as-of date. No legal-form sentence in fetched text.",,
FLRN,B04_state_street_spdr,"""Gross Expense Ratio"" 0.15% (under heading ""Fund Information as of Oct 09 2026""; no date on the ratio itself)","""Assets Under Management"" $3,052.40 M ""as of Oct 08 2026""",,"Only gross fee on page, so net null. Page says 'classified as diversified under the 1940 Act' (classification only, not accepted). Prospectus not reachable.",,
FNGU,B09_misc_a,"Daily Investor Fee 0.95% per annum, accrued on a daily basis (no net or gross label; fact sheet undated)",,"The ETNs are senior, unsecured debt obligations of Bank of Montreal and are subject to Bank of Montreal's credit risk.","Structure is an ETN, not an ETF. Legal form checked against the ETN wording ('Exchange Traded Notes', senior unsecured debt of Bank of Montreal). The fee has no net or total label and the fact sheet has no as-of date, so it is unknown. The fact sheet is a Q4 2021 vintage (constituents as of 12/20/2021, daily returns Q4 2021). Initial Trade Date 1/22/2018 used for inception. The microsectors.com FANG+ product page (fetched via WebFetch) lists FNGU as '3X Leveraged Exposure' with no fee or AUM. Search snippets (not verified, not used) suggest BMO redeemed FNGU notes in 2025 and changed tickers. Greg should check whether FNGU is still a live listing before using this row.",,
FXI,B02_ishares_b,Expense Ratio:Fees as stated in the prospectus 0.73% (no as-of date shown),"Net Assets of Fund $3,950,143,665 as of Oct 09, 2026",,"Page is FXI (iShares China Large-Cap ETF) via an overview-v3 URL, not the canonical product URL. Fee undated, not used. No legal-form text on page.",,
GDX,B09_misc_a,,,,Lead URL https://www.vaneck.com/us/en/investments/gold-miners-etf-gdx/overview/ redirects to itself with ?cken=true (cookie-consent loop) for WebFetch and curl. No page retrieved. Not verified.,,
GDXJ,B09_misc_a,,,,Lead URL on vaneck.com redirects to itself with ?cken=true (cookie-consent loop) for WebFetch and curl. No page retrieved. Not verified.,,
GLD,B04_state_street_spdr,"""Expense Ratio"" 0.40% (no net/gross label; no as-of date shown next to it)","""Total Net Asset Value in the Trust"" ""AWAITING"" (no USD figure, no date)",,"Fee label is plain 'Expense Ratio' with no date, so unknown and not used. AUM shows AWAITING, so null. Issuer page does not state legal form. Prospectus at files.spdrgoldshares.com/spdr-cms/2025-10/GLD_Prospectus_10042022_as_filed.pdf (dated 2022-10-04) returned binary PDF that WebFetch could not read; a search snippet (not a fetched source) said 'grantor trust' and 'not a commodity pool', so not accepted. Needs manual check of that PDF.",,
GPTY,B08_yieldmax_ark_roundhill,Fund Details: 'Gross Expense Ratio: 1.06%' (no as-of date beside it),Fund Details: 'Net Assets: $134.39M' - no as-of date adjacent,Page: 'GPTY is an actively managed ETF'; Risk section: 'The Fund is a recently organized management investment company with no operating history.',"Gross only, net not used. AUM null (no adjacent as-of date). Summary prospectus fee table shows Management Fee 0.99% (rest not extracted, text partially readable), not used.",,
GRID,B09_misc_a,Quarterly | Total Expense Ratio* | 0.56% | Net Expense Ratio* | 0.56% | * As of 2/2/2026,"Current Fund Data (as of 10/8/2026) | Total Net Assets | $12,019,689,009",The First Trust NASDAQ® Clean Edge® Smart Grid Infrastructure Index Fund is an exchange-traded fund.,"Page is for GRID, verified in static HTML (page title 'First Trust NASDAQ Clean Edge Smart Grid Infrastructure Index Fund (GRID)', slightly different from the batch name). Net fee line is explicit. Waiver is a contractual cap at 0.70% through 1/31/2027 and is recorded here. Inception from 'Inception Date is 11/16/2009'.",,
GSG,B02_ishares_b,Sponsor Fee: Fees as stated in the prospectus 0.75% (no as-of date shown),"Net Assets of Fund $1,032,795,094 as of Oct 09, 2026",not an investment company registered under the Investment Company Act of 1940 (product page),"The batch lead (annual report PDF) did not return readable content; the product page is the canonical source and was fetched (page is GSG). Page does not use the terms commodity pool, Delaware statutory trust or grantor trust. An 8-K PDF returned 'The registrant is a trust' but the extraction was reconstructed from encoded text, so not used as a verbatim quote. A search snippet of the product page said 'The trust is a commodity pool' but this was not in the fetched page text; re-check if needed. Sponsor fee undated, not used.",,
HACK,B09_misc_a,"Total Expense Ratio | 0.60% (no as-of date, no net or gross label)","Fund Details | Data as of 10/08/2026 | Ticker HACK | Net Assets | $3,504,056,722",,"Page is for HACK (verified). Inception conflict on the same page: 'Fund Inception: 11/10/2014' in the performance table (as of 09/30/2026) vs 'Launch Date 11/11/2014' in Fund Details; the performance-table date is used, flag for review. Fee has no as-of date and no net label, so unknown. No 'exchange-traded fund' or 'series of a trust' wording.",,
HDV,B01_ishares_a,Expense Ratio:Fees as stated in the prospectus | 0.08% | no as-of date shown,"Net Assets: $14,960,606,879, as of Oct 08, 2026",,"Page is for HDV. Fee label ambiguous, no as-of date. No legal-form sentence in fetched text (page truncated).",,
HLAL,B10_misc_b,"'Total Expense Ratio 0.50%' (no net/gross label, no as-of date shown)",,"Wahed FTSE USA Shariah ETF (the “Fund”), is a series of the Listed Funds Trust (the “Trust”).","No net assets or AUM shown; only NAV and price labelled 'Data as of 02-21-2024' (stale). Fee has no net/gross label and no date, so not used.",,
HYG,B01_ishares_a,Expense Ratio:Fees as stated in the prospectus | 0.49% | no as-of date shown,"Net Assets: $17,586,057,692, as of Oct 09, 2026",,"Page is for HYG. Fee label ambiguous, no as-of date. No legal-form sentence in fetched text.",,
IAU,B01_ishares_a,Sponsor Fee: Fees as stated in the prospectus | 0.25% | no as-of date shown,"Net Assets: $62,429,005,034, as of Oct 09, 2026",The iShares Gold Trust is not an investment company registered under the Investment Company Act of 1940; The Trust is not a commodity pool for purposes of the Commodity Exchange Act.,"Lead was the fact sheet PDF; used product page (ID 239561) instead, which is for the iShares Gold Trust. Sponsor fee label ambiguous, no as-of date. Legal: product page names the vehicle as a trust; the grantor-trust wording seen only in search snippets of the prospectus, not in fetched text, so not quoted. Prospectus and fact sheet PDFs not text-readable via WebFetch.",,
IBIT,B01_ishares_a,Sponsor Fee:Fees as stated in the prospectus | 0.25% | no as-of date shown,"Net Assets: $66,282,577,169 as of Oct 09, 2026",The Trust offers exposure to bitcoin through an exchange-traded product; The Trust is not a commodity pool for purposes of the Commodity Exchange Act.,"Page is for IBIT (lead slug typo corrected, same product ID). Sponsor fee is the only fee shown, label ambiguous, no as-of date. Performance disclaimer mentions fee waivers but gives no cap or expiry. Legal form: product page names the vehicle as a trust. A WebFetch read of the prospectus PDF returned 'Delaware statutory trust' wording, but that PDF was binary and not verified as text, so not relied on for the quote. Prospectus cover is 2025-07-31 supplement, so may not be current.",,
ICLN,B02_ishares_b,Expense Ratio:Fees as stated in the prospectus 0.38% (no as-of date shown),"Net Assets of Fund $2,216,867,317 as of Oct 08, 2026",,"Page is ICLN (iShares Global Clean Energy ETF), canonical URL confirmed on re-fetch. Fee undated, not used. No legal-form text on page; a search snippet said the fund is a series of iShares Trust but the prospectus was not readable.",,
IDRV,B02_ishares_b,Expense Ratio:Fees as stated in the prospectus 0.48% (no as-of date shown),"Net Assets of Fund $261,727,610 as of Oct 08, 2026",,"Lead slug was truncated ('ishares'); canonical slug page fetched and shows IDRV. Fee undated, not used. Summary prospectus PDF was unreadable via WebFetch. No legal-form text on page.",,
IEF,B01_ishares_a,Expense Ratio:Fees as stated in the prospectus | 0.15% | no as-of date shown,"Net Assets of Fund: $41,288,924,188, as of Oct 08, 2026",,"Page is for IEF. Fee label ambiguous, no as-of date. No legal-form sentence in fetched text.",,
IEFA,B01_ishares_a,Expense Ratio:Fees as stated in the prospectus | 0.07% | no as-of date shown,"Net Assets: $188,124,428,455, as of Oct 08, 2026",,"Page is for IEFA. Fee label ambiguous, no as-of date. No legal-form sentence in fetched text. Prospectus PDF not text-readable via WebFetch.",,
IEI,B01_ishares_a,Expense Ratio:Fees as stated in the prospectus | 0.15% | no as-of date shown,"Net Assets of Fund: $16,885,381,847, as of Oct 08, 2026",,"Lead URL (3-7yr slug with query) resolved to correct page at ID 239455. Fee label ambiguous, no as-of date. No legal-form sentence in fetched text.",,
IEMG,B01_ishares_a,Expense Ratio:Fees as stated in the prospectus | 0.09% | no as-of date shown,"Net Assets: $158,789,111,706, as of Oct 08, 2026",,"Lead URL slug (ex-China name) was wrong; the correct product page at product ID 244050 is for IEMG (header IEMG | US Class). Page says designated diversified under the Investment Company Act of 1940, but no series/trust form stated.",,
IGOV,B02_ishares_b,Expense Ratio:Fees as stated in the prospectus 0.35% (no as-of date shown),"Net Assets of Fund $1,316,124,742 as of Oct 09, 2026",,"Lead URL (no slug) returned HTTP 403; canonical slug URL fetched successfully and shows IGOV. Fee undated, not used. No legal-form text on page.",,
INDA,B02_ishares_b,Expense Ratio:Fees as stated in the prospectus 0.61% (no as-of date shown),"Net Assets of Fund $5,640,129,171 as of Oct 08, 2026",,"Page is INDA (iShares MSCI India ETF). Fee undated, not used. No legal-form text on page.",,
ITA,B01_ishares_a,Expense Ratio:Fees as stated in the prospectus | 0.37% | no as-of date shown,"Net Assets of Fund: $11,916,730,340, as of Oct 08, 2026",,"Page is for ITA. Fee label ambiguous, no as-of date. No legal-form sentence in fetched text.",,
IVV,B01_ishares_a,Expense Ratio:Fees as stated in the prospectus | 0.03% | no as-of date shown,"Net Assets: $896,439,871,787, as of Oct 09, 2026",,"Page is for IVV. Fee label is ambiguous (Fees as stated in the prospectus), no net/gross label. Page says fund is designated diversified under the Investment Company Act of 1940 but does not state series/trust form. Prospectus/SAI PDFs not text-readable via WebFetch. Quotes come from WebFetch extraction, not raw page bytes.",,
IWM,B02_ishares_b,Expense Ratio:Fees as stated in the prospectus 0.19% (no as-of date shown),"Net Assets of Fund $78,740,032,209 as of Oct 09, 2026",,"Page is IWM (iShares Russell 2000 ETF). Fee undated, not used. No legal-form text on page.",,
IXN,B02_ishares_b,Expense Ratio:Fees as stated in the prospectus 0.37% (no as-of date shown),"Net Assets of Fund $9,824,269,811 as of Oct 08, 2026",,"Page is IXN (iShares Global Tech ETF). Fee row is 'Expense Ratio:Fees as stated in the prospectus' with no net/gross label and no as-of date, so fee not used. Inception from 'Fund Inception'. No legal-form text on page; prospectus PDFs on ishares.com not readable via WebFetch.",,
JEPI,B09_misc_a,"Annual expenses (%) Gross Expenses: 0.350 Net Expenses: 0.350 (fact sheet 'Fact Sheet August 31, 2026')","Value of investments $46.16 B (fact sheet August 31, 2026). Not labelled net assets and rounded to $0.01B, so not used.",,"Verified from the issuer fact sheet PDF (ticker JEPI on page). The fact sheet has no separate as-of date for the fee; the document date (August 31, 2026) is used for both fee dates. 'Class launch May 20, 2020' and 'Fund performance inception: 5/20/2020'. Fact sheet calls it an ETF by name but does not state its legal vehicle (series of a trust or investment company); prospectus not fetched. Fee line says 'Currently, the yield is unaffected by a fee waiver', which is not a waiver statement for the expense ratio, so waiver is blank.",,
JEPQ,B09_misc_a,"Annual expenses (%) Gross Expenses: 0.350 Net Expenses: 0.350 (fact sheet 'Fact Sheet August 31, 2026')","Value of investments $42.21 B (fact sheet August 31, 2026). Not labelled net assets and rounded to $0.01B, so not used.",,"Verified from the issuer fact sheet PDF (ticker JEPQ on page). Fee date = document date, as for JEPI. 'Class launch May 3, 2022'. Legal vehicle not stated on the fact sheet beyond the ETF name; prospectus not fetched.",,
JETS,B10_misc_b,,,,"Issuer fund page returns 403 to both WebFetch and curl. Fact sheet PDF link not retrievable. A WebSearch snippet (not on the issuer page) gave a fee and AUM, but it was not used.",,
JNK,B04_state_street_spdr,"""Gross Expense Ratio"" 0.40% (under heading ""Fund Information as of Oct 09 2026""; no date on the ratio itself)","""Assets Under Management"" $5,839.23 M ""as of Oct 08 2026""",,"Only gross fee on page, so net null. Page says 'classified as diversified under the 1940 Act' (classification only, not accepted as legal form). Prospectus not reachable.",,
JPIN,B10_misc_b,"'Annual expenses (%) Gross Expenses: 0.370 Net Expenses: 0.370' (fact sheet header 'Fact Sheet August 31, 2026')","'Fund assets $369.40 M' (fact sheet header 'Fact Sheet August 31, 2026'; value shown to $0.01M)",,"Fee and AUM dates come from the fact sheet header only (no separate line date); used for both. Inception from 'Class launch November 5, 2014'. Document names the fund as an ETF in its title but states no legal form.",,
JPST,B09_misc_a,"Annual expenses (%) Gross Expenses: 0.180 Net Expenses: 0.180 (fact sheet 'Fact Sheet August 31, 2026')","Value of investments $41.13 B (fact sheet August 31, 2026). Not labelled net assets and rounded to $0.01B, so not used.",,"Verified from the issuer fact sheet PDF (ticker JPST on page). Fee date = document date. 'Class launch May 17, 2017'. Legal vehicle not stated beyond the ETF name; prospectus not fetched.",,
KARS,B10_misc_b,'Total Annual Fund Operating Expense 0.69%' and 'Expense Ratio: 0.69%' (no net/gross label),"'Net Assets $72,359,028' under Fund Details with 'data as of 10/08/2026' (block-level label)",,"Fee label is not net or gross, so not used. Page describes KARS as 'an electric vehicle ETF' with no legal-form statement. AUM and inception read via WebFetch summary of the Fund Details table.",,
KOLD,B07_proshares_direxion,"""Expense Ratio"" ""0.95%"" (Snapshot; no net or gross label; no as-of date)","""Net Assets"" ""$131,766,694""; no as-of date given for this value",ProShares Trust II is a commodity pool as defined in the Commodity Exchange Act,"Fee shown only as unlabelled 'Expense Ratio' so designation unknown and value not used. Generic 'certain funds' waiver footnote only, not KOLD-specific, so no waiver recorded. Inception shown as 10/4/11. Page also says 'This ProShares ETF seeks daily investment results' and does not use the phrase 'exchange-traded fund'.",,
KTEC,B10_misc_b,'Total Annual Fund Operating Expense 0.69%' and 'Expense Ratio: 0.69%' (no net/gross label),"'Net Assets $45,036,053' under Fund Details with 'data as of 10/08/2026' (block-level label)",,"Fee label is not net or gross, so not used. Page describes the fund as 'a Hong Kong Technology ETF' with no legal-form statement. AUM and inception read via WebFetch summary of the Fund Details table.",,
KWEB,B09_misc_a,Total Annual Fund Operating Expense | 0.69% (no net or gross label),"Fund Details | Data as of 10/08/2026 | ... | Net Assets | $4,369,369,784",,"Page is for KWEB (verified in HTML). Fee is labelled 'Total Annual Fund Operating Expense' with no net label, so unknown. Page calls it an ETF in marketing text only, with no explicit legal-vehicle sentence.",,
LIT,B05_global_x,"Summary prospectus fee table: ""Management Fees"" 0.75%; ""Other Expenses"" 0.00%; ""Total Annual Fund Operating Expenses"" 0.75% (no fee waiver or reimbursement line). Product page: ""Total Expense Ratio"" 0.75%, Key Information ""As of Oct 08 2026"".","""Net Assets"" ""$1.45 billion"" (Key Information, ""As of Oct 08 2026""); rounded as displayed.","""The Fund is classified as a nondiversified investment company under the Investment Company Act of"" (year digits not decoded from PDF)","Fee table from the 'dev' path (production path 404); dated March 1, 2025; page value identical as of Oct 08 2026. Legal: investment company under the 1940 Act; 'series of a trust' wording not found.",,
LQD,B02_ishares_b,Expense Ratio:Fees as stated in the prospectus 0.14% (no as-of date shown),"Net Assets of Fund $28,521,570,526 as of Oct 09, 2026",,"Page is LQD (iShares iBoxx $ Investment Grade Corporate Bond ETF). Page's prospectus link slug refers to 'credit-high-yield' (a shared/other iShares Trust document), noted only. Fee undated, not used. No legal-form text on page.",,
MAGS,B08_yieldmax_ark_roundhill,"Fund Details: Expense Ratio 0.30% (footnote 1: 'Reflects fees incurred by the Fund before waivers and reimbursements, including but not limited to management fees, 12 b - 1 fees, and acquired fund fees and expenses'). Issuer page FAQ: 'The Fund's gross expense ratio is 0.30% per year.'","Fund Details: AUM $5,557.1MM; factsheet stamp 'As Of 09/30/2026' (appears at end of Fund Exposures section, applies to the factsheet)",Factsheet: 'MAGS is the first - ever ETF to track the Magnificent Seven'; page: 'Roundhill Magnificent Seven ETF (Cboe BZX: MAGS)'. No trust/investment-company wording was extracted (Summary Prospectus text is not machine-readable).,"Fact sheet is an issuer PDF (text extracted locally) and is for MAGS. Fee is gross only (before waivers), so net null. Issuer HTML page at roundhillinvestments.com/etf/mags/ shows Gross Expense Ratio 0.30% and a blank AUM field (JS). Launch 04/11/23 as Roundhill BIG Tech ETF, renamed 11/9/2023 (page FAQ).",,
MBB,B01_ishares_a,Expense Ratio:Fees as stated in the prospectus | 0.04% | no as-of date shown,"Net Assets: $35,615,285,528, as of Oct 09, 2026",,"Lead URL (7-10yr Treasury slug) was wrong; correct page at ID 239465 is MBB. Fee label ambiguous, no as-of date. No legal-form sentence in fetched text.",,
MCHI,B02_ishares_b,Expense Ratio:Fees as stated in the prospectus 0.59% (no as-of date shown),"Net Assets of Fund $5,895,475,954 as of Oct 08, 2026",,"Page is MCHI (iShares MSCI China ETF); lead URL slug was the China Large-Cap page but content is MCHI. Inception from 'Fund Inception' (Mar 29, 2011). Fee undated, not used. No legal-form text on page.",,
MGK,B03_vanguard,"Fact sheet, As of June 30, 2026: 'Expense ratio 1 0.05%'; footnote 1: 'As reported in the most recent prospectus.'","Fact sheet, As of June 30, 2026: 'ETF total net assets $33,105 million'","Summary prospectus: 'Exchange-traded fund shares that are not individually redeemable'; 'Vanguard Mega Cap Growth ETF, an exchange-traded share class of Vanguard Mega Cap Growth Index Fund'","Fee: summary prospectus 'Total Annual Fund Operating Expenses 0.05%', no net or waiver line; left null. Index/name changing (Morningstar rename per supplement); this CRSP-benchmarked fact sheet is the June 30, 2026 version. A Morningstar-branded fact sheet (FA3138_MX) also exists and was not used. AUM is ETF-class.",,
MSTU,B10_misc_b,"'Total Expense Ratio 1.05%' (no net/gross label, no as-of date)","'Fund Assets $91,646,100.00' is MSTZ; for MSTU the only 'As of 10/08/2026' sits above the NAV block, not attached to Fund Assets, so not used",,"Page only states the fund is 'classified as non-diversified under the Investment Company Act of 1940', which is not an ETF or series statement. WebFetch flagged embedded instructions in the page text; ignored.",,
MSTY,B08_yieldmax_ark_roundhill,Fund Details: 'Gross Expense Ratio: 1.03%' (no as-of date beside it),Fund Details: 'Net Assets: $1.07B' - no as-of date adjacent,'The YieldMax MSTR Option Income Strategy ETF (MSTY) is an actively managed ETF',"Gross only, net not used. AUM null (no adjacent as-of date). Ticker and name confirmed on page. Page URL carried a tracking query string in the batch lead; the clean URL was used.",,
MSTZ,B10_misc_b,"'Total Expense Ratio 1.05%' (no net/gross label, no as-of date)","'Fund Assets $91,646,100.00' with the nearest 'As of 10/08/2026' heading the NAV block, not attached to the value",,"Fee has no net/gross label and no date, so not used. Page states only the 1940 Act non-diversified classification, not an ETF or series statement. Raw HTML checked with curl; values match WebFetch.",,
NLR,B09_misc_a,,,,Lead URL https://www.vaneck.com/us/en/investments/uranium-nuclear-energy-etf-nlr/fees/ redirects to itself with ?cken=true (cookie-consent loop) for WebFetch and curl. No page retrieved. Not verified.,,
NUKZ,B10_misc_b,,,,"Issuer page (rangeetfs.com/nukz) shows no expense ratio, no net assets (holdings table empty), no inception date, and no legal-form statement. Page title is 'NUKZ ETF | Range Nuclear Renaissance Index ETF'.",,
NVDL,B09_misc_a,Net Expense Ratio | - (blank in page; FAQ reads 'NVDL has a net expense ratio of .'),AUM | - (blank),,"Page is for NVDL (verified). The fee and AUM fields are blank in the static HTML and the key figures did not load. Inception 'Dec 13, 2022' is from the fund details. The summary prospectus link names 'GraniteShares ETF Trust' but the page does not state the legal form in a sentence, so it is marked no.",,
NVDW,B08_yieldmax_ark_roundhill,Fact sheet: 'Expense Ratio 2 1.00%' (footnote 2: 'Reflects fees incurred by the Fund before waivers and reimbursements...'). Issuer HTML FAQ: 'The Fund's gross expense ratio is 1.00% per year.',Fact sheet: 'AUM $118.8MM'; stamp 'As Of 09/30/2026',Fact sheet: 'NVDW is an actively - managed ETF' (Cboe BZX: NVDW),"Gross only, net not used. Issuer HTML labels the table figure just 'Expense Ratio' but the FAQ says gross. Issuer HTML AUM blank (JS). Trust-level wording not extracted.",,
NVDY,B08_yieldmax_ark_roundhill,Fund Details: 'Gross Expense Ratio: 1.09%' (no as-of date beside it; 'As of 9/30/2026' sits beside 30-Day SEC Yield),"Fund Details: 'Net Assets: $1.41B' - no as-of date adjacent (the only nearby date, 'As of 10/08/2026', belongs to Median 30-Day Spread)",'The YieldMax NVDA Option Income Strategy ETF (NVDY) is an actively managed ETF',"Only gross fee shown on page; net not used. AUM null because no as-of date is shown beside Net Assets. Summary prospectus fee table shows Total Annual Fund Operating Expenses 1.09% with no waiver line, but it is not labelled net and matches the page's gross label, so not used. Issuer page: fund name and ticker NVDY confirmed.",,
PALL,B10_misc_b,No expense ratio line on the issuer key-information page,'AUM 602.28M USD' with date '10/09/2026',"abrdn Silver ETF Trust, abrdn Gold ETF Trust, abrdn Platinum ETF Trust, abrdn Palladium ETF Trust and abrdn Precious Metals Basket ETF Trust are not investment companies registered under the Investment Company Act of 1940 or a commodity pool","Issuer page names 'abrdn Palladium ETF Trust' among the trusts; the fund page itself does not show the ticker PALL in the text, only the fund name. No expense ratio and no inception date on the page. A search snippet quoting a 0.60% TER was not on the issuer page and not used.",,
PBW,B06_invesco,,,,Lead product-detail URL and the contentdetail page for 'Invesco WilderHill Clean Energy ETF' show only the title; the product-detail URL for ETF-PBW returned a page with no PBW content. A search snippet citing 0.64% total expense ratio on a Q3 2025 fact sheet was not opened and is not used.,,
PDBC,B06_invesco,"Commodity table row PDBC: 'Total expense ratio' 0.67%; 'Net expense ratio' 0.59%* (footnote: 'The Adviser has contractually agreed to waive fees and/or pay certain Fund expenses through at least Aug. 31, 2026.'); no as-of date on page",,,"Net label with waiver footnote, but undated, so value withheld. The commodity page is a multi-fund table; the PDBC row is confirmed on it. No AUM or inception on any fetched issuer page. Legal form not stated (page says the funds 'are not a mutual fund or any other type of Investment Company' only in the DB funds section, which is not PDBC-specific).",,
PGX,B06_invesco,,,,"Lead product page and the contentdetail page for 'Invesco Preferred ETF' show only the title and site navigation, with no ticker, fee, AUM or inception. Product-detail URL for ticker PGX returned a site-selection page. A search snippet citing a 0.50% total expense ratio on a fact sheet was not opened and is not used.",,
POWR,B02_ishares_b,Expense Ratio:Fees as stated in the prospectus 0.39% (no as-of date shown),"Net Assets of Fund $448,160,030 as of Oct 09, 2026",,"Page is POWR (iShares U.S. Power Infrastructure ETF). Fee undated, not used. No legal-form text on page.",,
PPLT,B09_misc_a,,"AUM | 2.00B USD | 10/09/2026 (rounded; label is AUM, not net assets)",,"Page titled 'abrdn Physical Platinum Shares ETF' (name matches). The static HTML has no expense ratio and no inception date. The AUM is rounded and not labelled net assets, so not used. Disclosures mention 'abrdn Platinum ETF Trust' generally without mapping this fund, so legal form not confirmed. Lead URL is an unusual path; the page content could not be confirmed as the ticker PPLT beyond the name.",,
QCLN,B10_misc_b,'Net Expense Ratio* 0.59%' with footnote '* As of 5/1/2026'; 'Total Expense Ratio* 0.59%' same footnote,"'Current Fund Data (as of 10/8/2026)' ... 'Total Net Assets $545,376,938'",The First Trust NASDAQ® Clean Edge® Green Energy Index Fund is an exchange-traded index fund.,"Page content was truncated in WebFetch; full HTML fetched with curl and values read directly. Page carries only one fee footnote date (5/1/2026), used for both fee dates. Inception shown as 2/8/2007.",,
QDTE,B08_yieldmax_ark_roundhill,"Fact sheet: 'Expense Ratio 2 0.96%' (footnote 2: 'Reflects fees incurred by the Fund before waivers and reimbursements...'). Issuer HTML page: 'Gross Expense Ratio 0.96%', FAQ: 'The Fund's gross expense ratio is 0.97% per year.'","Fact sheet: 'AUM $975.6MM'; stamp 'As Of 0 9 /30/2026' (text spacing artifact, read as 09/30/2026)",Issuer page: 'QDTE is an actively-managed ETF.' (Cboe BZX: QDTE),"Gross only, net not used. Issuer HTML gives gross 0.96% in the table but 0.97% in the FAQ; both gross, not used. Page notes fund name changed effective 8/31/2026 from Roundhill Innovation-100 0DTE Covered Call Strategy ETF (ticker unchanged). Factsheet URL taken from the issuer page's own link list. Trust-level wording not extracted.",,
QDTY,B08_yieldmax_ark_roundhill,Fund Details: 'Gross Expense Ratio: 1.17%' (no as-of date beside it),Fund Details: 'Net Assets: $29.26M' - no as-of date adjacent,Page: 'QDTY is an actively managed ETF that seeks income and capital appreciation.',"Gross only, net not used. AUM null (no adjacent as-of date). Summary prospectus fee table shows Management Fee 0.99% (rest not extracted), not used.",,
QLD,B07_proshares_direxion,"""Net Expense Ratio"" ""0.95%"" (no as-of date beside it); ""Gross Expense Ratio"" ""0.98%"" (no date)","""Net Assets"" ""$15,552,761,582""; no date beside it (only ""as of 10/09/2026"" under the Price section)",This ProShares ETF seeks daily investment results,"Net fee labelled but undated, so value not used. Inception from Snapshot '6/19/06' (performance table 06/19/2006). Registrant trust not named on product page; PDFs not extractable.",,
QQQ,B06_invesco,"""Invesco QQQ's total expense ratio is 0.18%."" (no as-of date shown; no net/gross label)",,"""Invesco QQQ is a passively managed ETF that tracks the Nasdaq-100 index""","Lead URL is the issuer product page and is for QQQ. Fee shown only as an unlabelled 'total expense ratio' with no date, so not used. No net-assets figure on the page. Inception quote: 'Data is as of Invesco QQQ ETF inception date of March 10, 1999.' Page also refers to 'Invesco QQQ TrustSM' and says the sponsor is Invesco Capital Management LLC; it does not state a unit-investment-trust or other legal form, so legal 'yes' rests on the ETF self-description and should be reviewed given the catalogue warning about the historical trust label. Search-result summaries of 0.18% plus AUM figures from SEC/other pages were not used.",,
QQQE,B07_proshares_direxion,,,,"Direxion product URL https://www.direxion.com/product/nasdaq-100-equal-weighted-index-etf not fetched (direxion.com returns HTTP 403 to WebFetch). WebSearch snippets reported gross 0.35%, net 0.35%, inception 03/21/2012, undated and unconfirmed, so not used. No net assets found.",,
QQQM,B06_invesco,,,,"Lead URL (contentId 3bb2c372...) returned HTTP 400. The 'contentdetail' page for 'Invesco NASDAQ 100 ETF' and the product-detail URLs for ticker QQQM rendered only the title, with no fee, AUM, inception or legal text. A search snippet claimed a management fee and total expense ratio of 0.15% on a product-detail page, but I could not open that page; the 'Q2 2026' fact sheet cited in the same search is for a different fund (Invesco Dynamic Active/Passive 80/20 Portfolio), so it was excluded. Nothing verified on the issuer domain.",,
QTEC,B09_misc_a,Quarterly | Total Expense Ratio* | 0.55% | Net Expense Ratio* | 0.55% | * As of 5/1/2026,"Current Fund Data (as of 10/8/2026) | Total Net Assets | $4,015,456,018",,"Page is for QTEC (ticker matches). Its title is 'First Trust NASDAQ-100-Technology Sector Index Fund (QTEC)', not the batch name 'NASDAQ 100 Technology Index Fund'. Net fee line is explicit. Cap at 0.60% through 4/30/2027 is recorded as waiver. Inception from 'Inception Date is 4/19/2006'. No 'is an exchange-traded fund' sentence found in static HTML, so legal form not confirmed.",,
QYLD,B05_global_x,"Summary prospectus fee table: ""Management Fees"" 0.60%; ""Other Expenses"" 0.00%; ""Total Annual Fund Operating Expenses"" 0.60% (no fee waiver or reimbursement line). Product page: ""Total Expense Ratio"" 0.60%, Key Information ""As of Oct 08 2026"".","""Net Assets"" ""$8.49 billion"" (Key Information, ""As of Oct 08 2026""); rounded as displayed.","""The Fund is classified as a nondiversified investment company under the Investment Company Act of"" (year digits not decoded from PDF)","Fee table from the 'dev' path of the issuer's assets host (the production path returned 404); its date is March 1, 2025, but the page value is identical as of Oct 08 2026. Legal: the statement says investment company under the 1940 Act and the summary refers to a Board of Trustees; 'series of a trust' wording was not found.",,
RDTE,B08_yieldmax_ark_roundhill,Fact sheet: 'Expense Ratio 2 0.97%' (footnote 2: 'Reflects fees incurred by the Fund before waivers and reimbursements...'). Issuer HTML: 'Gross Expense Ratio 0.97%',"Fact sheet: 'AUM $176.9MM'; stamp 'As Of 0 9 /30/2026' (text spacing artifact, read as 09/30/2026)",Fact sheet: 'RDTE is an actively - managed ETF' (Cboe BZX: RDTE),"Gross only, net not used. Page: launched 09/10/24 as Roundhill Small Cap 0DTE Covered Call Strategy ETF, renamed 5/1/2025. Issuer HTML AUM blank (JS). Trust-level wording not extracted.",,
REMX,B10_misc_b,"Fees and Expenses (fact sheet 'As of September 30, 2026'): Gross Expense Ratio 0.53%; Fee Waivers and Expense Reimbursement --; Net Expense Ratio 0.53%","Fund Details: 'Total Net Assets ($M) 1,833.28' (fact sheet 'As of September 30, 2026'); value shown to $0.01M",,VanEck HTML pages returned redirect loops or 403 to WebFetch. Fact sheet PDF was fetched with curl (cookie jar) and read; it is the only dated fee source. No legal-form statement found (name only).,,
ROBO,B09_misc_a,,,,"Page is 'ROBO Summary - ROBO Global Robotics & Automation Index ETF' on roboglobaletfs.com. No expense ratio, net assets or inception date in the static HTML. The page never mentions Global X, so the batch's issuer name is not confirmed by the page. Fund is named as an ETF in the title only.",,
ROKT,B04_state_street_spdr,"""Gross Expense Ratio"" 0.45% (under heading ""Fund Information as of Oct 09 2026""; repeated in Performance section with no date)","""Assets Under Management"" $168.73 M ""as of Oct 08 2026""",,"Only gross fee on page, so net null. Page says 'classified as diversified under the 1940 Act' (classification only, not accepted). Prospectus not reachable. Lead ticker check passed: page shows ROKT.",,
SCHD,B09_misc_a,,,,"schwabassetmanagement.com returned HTTP 403 to WebFetch and curl on the lead product page, /resource/schd-fact-sheet, /products/schd/documents, /allholdings/SCHD and the prospectus resource page. No issuer value retrieved. A search snippet (not fetched, not used) showed a total expense ratio of 0.060% and net assets as of 10/08/2026; not verified. Needs a manual check of the Schwab page.",,
SCHG,B09_misc_a,,,,schwabassetmanagement.com returned HTTP 403 to WebFetch and curl on /products/schg and /products/schg/documents. Nothing verified. Needs a manual check.,,
SDIV,B05_global_x,"Summary prospectus fee table: ""Management Fees"" 0.58%; ""Other Expenses"" 0.00%; ""Total Annual Fund Operating Expenses"" 0.58% (no fee waiver or reimbursement line). Product page: ""Total Expense Ratio"" 0.58%, Key Information ""As of Oct 08 2026"".","""Net Assets"" ""$1.17 billion"" (Key Information, ""As of Oct 08 2026""); rounded as displayed.",,"Fee table from the 'dev' path (production path 404); dated March 1, 2025; page value identical as of Oct 08 2026. Legal: summary prospectus names a 'Board of Trustees' but has no sentence stating the fund's legal form (no 1940 Act classification sentence found); not verified.",,
SGOL,B09_misc_a,,"AUM | 7.18B USD | 10/09/2026 (rounded; label is AUM, not net assets)",,"Page is titled 'abrdn Physical Gold Shares ETF' (name matches) but the static HTML has no expense ratio, no inception date and no ticker for this share class, and the key-information tab did not render. The AUM is rounded and not labelled net assets, so not used. Disclosures list 'abrdn Gold ETF Trust' among several trusts without mapping this fund to it, so legal form is not confirmed.",,
SGOV,B01_ishares_a,Expense Ratio:Fees as stated in the prospectus | 0.09% | no as-of date shown,"Net Assets: $114,803,715,316, as of Oct 08, 2026",,"Page is for SGOV. Fee label ambiguous, no as-of date. No legal-form sentence in fetched text.",,
SHLD,B05_global_x,"Summary prospectus fee table: ""Management Fees"" 0.50%; ""Other Expenses"" 0.00%; ""Total Annual Fund Operating Expenses"" 0.50% (no fee waiver or reimbursement line). Product page: ""Total Expense Ratio"" 0.50%, Key Information ""As of Oct 08 2026"".","""Net Assets"" ""$6.29 billion"" (Key Information, ""As of Oct 08 2026""); rounded as displayed.","""The Fund is classified as a nondiversified investment company under the Investment Company Act of"" (year digits not decoded from PDF)",Fee and legal per summary prospectus (production path). Legal: investment company under the 1940 Act; 'series of a trust' wording not found.,,
SHY,B01_ishares_a,Expense Ratio:Fees as stated in the prospectus | 0.15% | no as-of date shown,"Net Assets: $26,809,448,661, as of Oct 08, 2026",,"Lead URL (US real estate ETF slug) was wrong; correct page at ID 239452 is SHY. Fee label ambiguous, no as-of date. No legal-form sentence in fetched text.",,
SJNK,B04_state_street_spdr,"""Gross Expense Ratio"" 0.40% (under heading ""Fund Information as of Oct 09 2026""; no date on the ratio itself)","""Assets Under Management"" $4,377.22 M ""as of Oct 08 2026""",,"Only gross fee on page, so net null. Page says 'classified as diversified under the 1940 Act' (classification only, not accepted). '2% Capped' in the index name is an index term, not a fee cap. Prospectus not reachable.",,
SKYY,B09_misc_a,Quarterly | Total Expense Ratio* | 0.60% | * As of 2/2/2026 (no net or gross label),"Current Fund Data (as of 10/8/2026) | Total Net Assets | $3,461,747,878",The First Trust Cloud Computing ETF is an exchange-traded fund.,"Page is for SKYY (verified in static HTML). Only a Total Expense Ratio is shown (not labelled net), so unknown. Inception from 'Inception Date is 7/5/2011'.",,
SLV,B01_ishares_a,Sponsor Fee | 0.50% | Fees as stated in the prospectus | no as-of date shown,"Net Assets: $29,732,025,327, as of Oct 09, 2026",The iShares Silver Trust is not an investment company registered under the Investment Company Act of 1940; The Trust is not a commodity pool for purposes of the Commodity Exchange Act.,"Sponsor fee label ambiguous, no as-of date. Legal: product page names the vehicle as a trust, not an investment company. Grantor/statutory wording not found in fetched text. Prospectus PDF not text-readable.",,
SLVO,B10_misc_b,"'Annual Investor Fee Rate 0.65%, accrued on a daily basis' (ETN fee label, no net/gross, no date)",,"senior, unsecured debt securities issued by UBS AG, acting through its London Branch","This is an ETN, not an ETF. Inception is the 'Initial Trade Date' (maturity 4/21/2033). No outstanding amount or net assets shown. Legal form verified as ETN (exchange traded notes) per the page.",,
SMH,B09_misc_a,,,,"Lead URL https://www.vaneck.com/us/en/investments/semiconductor-etf-smh/ 302-redirects to itself with ?cken=true (cookie-consent loop) for both WebFetch (too many redirects) and curl, including with a cookie header; no page content retrieved. The fact sheet PDF path also loops. Not verified. Search snippets were not used.",,
SOXL,B07_proshares_direxion,,,,"Direxion product page https://www.direxion.com/product/daily-semiconductor-bull-bear-3x-etfs returns HTTP 403 to WebFetch; fact sheet PDF (direxion.com/uploads/SOXL-SOXS-Fact-Sheet.pdf) is not text-extractable. WebSearch snippets (direxion.com-restricted) reported gross 0.91%, net 0.75%, inception 03/11/2010, but no as-of dates and not confirmed on an issuer page, so not used. No net assets found.",,
SOXS,B07_proshares_direxion,,,,"Direxion product URL https://www.direxion.com/product/daily-semiconductor-bull-bear-3x-etfs returns HTTP 403 to WebFetch. WebSearch snippets covered SOXL only, no SOXS figures found. No net assets found.",,
SOXX,B01_ishares_a,Expense Ratio:Fees as stated in the prospectus | 0.33% | no as-of date shown,"Net Assets: $46,568,308,442 as of Oct 08, 2026",,"Page is for SOXX. Fee label ambiguous, no as-of date. No legal-form sentence in fetched text (page truncated).",,
SOYB,B10_misc_b,'Expense Ratio* 0.63%' (no net/gross or date),'Total Net Assets' label under 'Daily Facts as of' with blank value,,No net/gross or waiver wording; no legal-form statement. Inception read via WebFetch summary and identical to WEAT's date; not cross-checked elsewhere.,,
SPHD,B06_invesco,Smart beta table row Invesco S&P 500 High Dividend Low Volatility ETF (SPHD): 'Total expense ratio' 0.30%; 'Net expense ratio' 0.30% (no as-of date on page),,,"Lead URL was a fact sheet PDF on the issuer domain; it was not readable (the fetch returned a country-splash page). Net label seen on undated smart-beta table, so value withheld. Inception 10/18/2012 from the same table. Product-detail page showed only the title. Legal form not stated on fetched issuer pages.",,
SPLV,B06_invesco,Smart beta table row Invesco S&P 500 Low Volatility ETF (SPLV): 'Total expense ratio' 0.25%; 'Net expense ratio' 0.25% (no as-of date on page),,,"Net label seen but undated, so value withheld. Inception 5/5/2011 from the 'Inception date' column of the smart-beta table. Product-detail page and the fund page render only the title, with no fee, AUM or legal text. A search snippet citing 0.25% on a different Invesco page was not used because it was not opened.",,
SPMO,B06_invesco,Smart beta table row Invesco S&P 500 Momentum ETF (SPMO): 'Total expense ratio' 0.13%; 'Net expense ratio' 0.13% (no as-of date on page),,,"Net label seen but the issuer page is undated (only a 2026 copyright footer), so per rule the fee is withheld (value null). Inception 10/9/2015 from the 'Inception date' column of the same table. Product-detail page for SPMO and the holdings page render no fee, AUM or legal text. Legal form not stated on any fetched issuer page; SEC NPORT filings naming Invesco Exchange-Traded Fund Trust II were seen in search but are not on the issuer domain, so not used.",,
SPUS,B09_misc_a,"Expense Ratio* | 0.45% (no net or gross label, no as-of date)",Fund Details & Pricing | Net Assets | $3354.27m (no as-of date tied to this figure),SPUS is an exchange-traded fund (ETF),"Page is for SPUS (verified in static HTML). Fee has no net label and no date, so unknown and not used. Net assets $3354.27m has no as-of date tied to it, so not used. Holdings table shows a 3,372,407,487 column with no label as net assets; not used.",,
SPXL,B07_proshares_direxion,,,,"Direxion product URL https://www.direxion.com/product/daily-sp-500-bull-bear-3x-etfs returns HTTP 403 to WebFetch (alt URLs also 403). WebSearch snippets reported gross 0.95%, net 0.84%, inception 11/05/2008, undated and unconfirmed, so not used. No net assets found.",,
SPY,B04_state_street_spdr,"""Gross Expense Ratio"" 0.0945% (under heading ""Fund Information as of Oct 09 2026""; no date on the ratio itself)","""Assets Under Management"" $817,200.17 M ""as of Oct 08 2026""","""represent ownership in the State Street® SPDR® S&P 500® ETF Trust, a unit investment trust.""","Only gross fee on page, so net null. Legal form yes: issuer page says the ETF Trust is a unit investment trust (catalogue 'ETF trust'). Quote is from a fetch summary; re-check wording if it matters. 'Net Cash Amount' ($388,363,300.23) is not used as AUM.",,
SPYI,B09_misc_a,"Total Annual Fund Operating Expenses 0.68% (Fund Details, As of: 10/08/2026; no net or gross label)","Fund Details As of: 10/08/2026 | Net Assets $12,458,490,445",,"Page is for SPYI (verified in HTML). Fee is 'Total Annual Fund Operating Expenses' with no net label, so unknown. Page calls it 'NEOS S&P 500 High Income ETF (CBOE: SPYI)' but has no explicit legal-vehicle sentence and no series-of-trust text.",,
SQQQ,B07_proshares_direxion,"""Net Expense Ratio"" ""0.95%"" (no as-of date beside it); ""Gross Expense Ratio"" ""0.99%"" (no date)","""Net Assets"" ""$2,079,661,235""; no date beside it (page dates: price 10/09/2026, holdings 10/08/2026, index 6/30/2026, none tied to Net Assets)",This ProShares ETF seeks daily investment results,"Fetched the www.proshares.com SQQQ page (the prod.proshares.com lead was not used). Net fee labelled but undated, so value not used. Inception from Snapshot '2/9/10'. Registrant trust not named on product page.",,
SRVR,B10_misc_b,Fact sheet 'Total Expenses* 0.49%' with footnote on management fee reduction (no net/gross label),,The Pacer Data & Infrastructure Real Estate ETF (the “Fund”) is an exchange traded fund (“ETF”),"Fact sheet dated 'Data as of 9/30/26' read from PDF. 'Total Expenses 0.49%' is not labelled net and the footnote refers to the management fee, so not used. No net assets in the fact sheet. Issuer product page returns 403.",,
TAN,B06_invesco,,,"""INVESCO EXCHANGE-TRADED FUND TRUST II / INVESCO SOLAR ETF (TAN)"" (document heading of the UK/EEA prospectus supplement dated 25 May 2023)","Lead URL (ESG page) is a site page that lists TAN with no fee data. Product-detail page for ETF-TAN showed only the title. The fee figures found in search (management 0.50%, total 0.67%, dated 09/05/2025) were not opened on the issuer page, so not used. Legal 'yes' is based on the supplement heading identifying the fund as a series of Invesco Exchange-Traded Fund Trust II; the body of that doc is a UK/EEA AIF supplement, not a US fee source. Fund fee/AUM/inception still needed from the US fact sheet or prospectus.",,
THD,B02_ishares_b,Expense Ratio:Fees as stated in the prospectus 0.59% (no as-of date shown),"Net Assets of Fund $423,101,572 as of Oct 08, 2026",,"Page is THD (iShares MSCI Thailand ETF). Fee undated, not used. No legal-form text on page.",,
TIP,B01_ishares_a,Expense Ratio:Fees as stated in the prospectus | 0.18% | no as-of date shown,"Net Assets: $14,245,384,050, as of Oct 08, 2026",,"Lead URL (20-year Treasury slug) was wrong; correct page at ID 239467 is TIP. Fee label ambiguous, no as-of date. No legal-form sentence in fetched text.",,
TLH,B01_ishares_a,Expense Ratio:Fees as stated in the prospectus | 0.15% | no as-of date shown,"Net Assets: $11,312,553,960, as of Oct 08, 2026",,"Lead URL (3-7yr slug) was wrong; correct page at ID 239453 is TLH. Fee label ambiguous, no as-of date. No legal-form sentence in fetched text.",,
TLT,B01_ishares_a,Expense Ratio:Fees as stated in the prospectus | 0.15% | no as-of date shown,"Net Assets: $48,382,132,781, as of Oct 08, 2026",,"Lead URL (floating rate bond ETF slug) was wrong; correct page at ID 239454 is TLT. Fee label ambiguous, no as-of date. No legal-form sentence in fetched text.",,
TMF,B07_proshares_direxion,,,,"Direxion product URL https://www.direxion.com/product/daily-20-year-treasury-bull-bear-3x-etfs returns HTTP 403 to WebFetch. WebSearch snippets reported gross 1.01%, net 0.90%, inception 04/16/2009, undated and unconfirmed, so not used. No net assets found.",,
TQQQ,B07_proshares_direxion,"""Net Expense Ratio"" ""0.82%"" (no as-of date beside it); ""Gross Expense Ratio"" ""0.97%"" (no date)","""Net Assets"" ""$39,586,025,157""; no date beside it (only ""as of 10/09/2026"" under the Price section)",This ProShares ETF seeks daily investment results,"Net fee is labelled but undated, so value not used. Waiver end 2026-09-30 is already past as of 2026-10-10, so the net figure may be stale. Inception shown as 2/9/10 (page). Registrant trust not named on product page. Fact sheet and prospectus PDFs are outlined vector text (not extractable); prospectus.proshares.com unreachable (ECONNREFUSED).",,
TSLL,B07_proshares_direxion,,,,"Direxion product URL https://www.direxion.com/product/daily-tsla-bull-and-bear-leveraged-single-stock-etfs not fetched (direxion.com returns HTTP 403 to WebFetch on all tried pages). WebSearch snippets reported gross 0.95%, net 0.83%, inception 08/09/2022, undated and unconfirmed, so not used. No net assets found.",,
TSLY,B08_yieldmax_ark_roundhill,Fund Details: 'Gross Expense Ratio: 1.07%' (no as-of date beside it; 'As of 9/30/2026' sits beside 30-Day SEC Yield),Fund Details: 'Net Assets: $689.45M' - no as-of date adjacent (the nearby 'As of 10/08/2026' is beside Median 30-Day Spread),'The YieldMax TSLA Option Income Strategy ETF (TSLY) is an actively managed ETF',"Gross only, net not used. AUM null (no adjacent date). Ticker and name confirmed on page.",,
UGL,B07_proshares_direxion,"""Expense Ratio"" ""0.95%"" (Snapshot; no net or gross label; no as-of date)","""Net Assets"" ""$734,880,264""; no date appears with this figure",ProShares Trust II is a commodity pool as defined in the Commodity Exchange Act,"Fetched the www.proshares.com UGL page (prod lead not used). Generic 'certain funds' waiver footnote only, not UGL-specific, so no waiver recorded. Inception shown as 12/1/08. Page does not contain the phrase 'exchange-traded fund'.",,
UNG,B10_misc_b,'Total Expense Ratio*' label with no value rendered (JavaScript-rendered),'Total Net Assets' label with no value or date rendered,"BNO, CPER, UGA, UNG, UNL, USCI, USL, and USO are commodity pools regulated by the Commodity Futures Trading Commission.",No fee or AUM values rendered; no issuer fact sheet or prospectus PDF found on uscfinvestments.com. Inception from 'UNG commenced operations on 04/18/2007.',,
UPRO,B07_proshares_direxion,"""Net Expense Ratio"" ""0.89%"" (no as-of date beside it); ""Gross Expense Ratio"" ""0.89%"" (no date)","""Net Assets"" ""$5,667,579,278""; no date beside it (only ""as of 10/09/2026"" in the Price section)",This ProShares ETF seeks daily investment results,"Net fee labelled but undated, so value not used. Inception from Snapshot '6/23/09'. Registrant trust not named on product page.",,
URA,B05_global_x,"Summary prospectus fee table: ""Management Fees"" 0.69%; ""Other Expenses"" 0.00%; ""Total Annual Fund Operating Expenses"" 0.69% (no fee waiver or reimbursement line). Product page: ""Total Expense Ratio"" 0.69%, Key Information ""As of Oct 08 2026"".","""Net Assets"" ""$5.48 billion"" (Key Information, ""As of Oct 08 2026""); rounded as displayed.","""The Fund is classified as a nondiversified investment company under the Investment Company Act of"" (year digits not decoded from PDF)","Fee table from the 'dev' path (production path 404); dated March 1, 2025; page value identical as of Oct 08 2026. Legal: investment company under the 1940 Act; 'series of a trust' wording not found.",,
URNM,B09_misc_a,,,,"sprottetfs.com returned HTTP 403 to WebFetch and curl on the lead page (with and without trailing slash) and on the fact sheet PDF URL found by search. Nothing verified. A search snippet (not fetched, not used) showed a 0.75% net total expense ratio; not verified.",,
USD,B07_proshares_direxion,"""Net Expense Ratio"" ""0.95%"" (no as-of date beside it); ""Gross Expense Ratio"" ""0.95%"" (no date)","""Net Assets"" ""$2,905,683,792""; no date beside it (only ""as of 10/09/2026"" in the Price section)",This ProShares ETF seeks daily investment results,"Net fee labelled but undated, so value not used. Inception from Snapshot '1/30/07'. Registrant trust not named on product page.",,
USIG,B01_ishares_a,Expense Ratio:Fees as stated in the prospectus | 0.04% | no as-of date shown,"Net Assets: $17,583,903,436, as of Oct 08, 2026",,"Lead URL (5-10yr IG slug) was wrong; product ID 239460 page (slug ishares-credit-bond-etf) is USIG. Fee label ambiguous, no as-of date. No legal-form sentence in fetched text.",,
USO,B10_misc_b,Overview label 'Total Expense Ratio' with no value rendered (page is JavaScript-rendered),Key Facts label 'Total Net Assets' with no value or date rendered,"BNO, CPER, UGA, UNG, UNL, USCI, USL, and USO are commodity pools regulated by the Commodity Futures Trading Commission.","USCF fund pages render fee and AUM values client-side; values absent from HTML and WebFetch. No issuer fact sheet or prospectus PDF located on uscfinvestments.com (search returned only SEC EDGAR filings, not allowed). Inception from page text 'USO commenced operations on 04/10/2006.'",,
USOI,B10_misc_b,"'Annual Investor Fee Rate 0.85%, accrued on a daily basis' (ETN fee label, no net/gross, no date)",,"senior, unsecured debt securities issued by UBS AG, acting through its London Branch","This is an ETN, not an ETF. Inception is 'Initial Trade Date 4/25/2017' (maturity 4/24/2037). No outstanding amount shown. Page states the ETN is an exchange traded note.",,
VCIT,B03_vanguard,"Fact sheet, As of June 30, 2026: 'Expense ratio 1 0.03%'; footnote 1: 'As reported in the most recent prospectus.'","Fact sheet, As of June 30, 2026: 'ETF total net assets $67,268 million'","Summary prospectus (Dec 19, 2025, as supplemented June 30, 2026): 'Exchange-traded fund shares that are not individually redeemable'; 'Vanguard Intermediate-Term Corporate Bond ETF, an exchange-traded share class of Vanguard Intermediate-Term Corporate Bond Index Fund'","Fee: summary prospectus 'Total Annual Fund Operating Expenses 0.03%', no net or waiver line; left null. AUM is ETF-class; fund-level total $69,479 million on same sheet.",,
VCSH,B03_vanguard,"Fact sheet, As of June 30, 2026: 'Expense ratio 1 0.03%'; footnote 1: 'As reported in the most recent prospectus.'","Fact sheet, As of June 30, 2026: 'ETF total net assets $44,947 million'","Summary prospectus (Dec 19, 2025, as supplemented June 30, 2026): 'Exchange-traded fund shares that are not individually redeemable'; 'Vanguard Short-Term Corporate Bond ETF, an exchange-traded share class of Vanguard Short-Term Corporate Bond Index Fund'","Fee: summary prospectus 'Total Annual Fund Operating Expenses 0.03%', no net or waiver line; left null. AUM is ETF-class. Search snippet cited a Sept 30, 2026 product-page AUM; not used because it is not from the PDF.",,
VEA,B03_vanguard,"Fact sheet, As of June 30, 2026: 'Expense ratio 1 0.03%'; footnote 1: 'As reported in the most recent prospectus.'","Fact sheet, As of June 30, 2026: 'ETF total net assets $230,949 million'","Summary prospectus (Apr 28, 2026): 'Exchange-traded fund shares that are not individually redeemable'; 'Vanguard FTSE Developed Markets ETF, an exchange-traded share class of Vanguard Developed Markets Index Fund'. Full prospectus text: 'Vanguard Developed Markets Index Fund ETF Shares (VEA)'","Fee: prospectus fee table 'Total Annual Fund Operating Expenses 0.03%' (management 0.02%, other 0.01%), no net or waiver line; left null. AUM is ETF-class; fund-level total $316,318 million on same sheet.",,
VGT,B03_vanguard,"Fact sheet, As of June 30, 2026: 'Expense ratio 1 0.09%'; footnote 1: 'As reported in the most recent prospectus.'","Fact sheet, As of June 30, 2026: 'ETF total net assets $146,578 million'","Summary prospectus (Dec 19, 2025, as supplemented June 30, 2026): 'Exchange-traded fund shares that are not individually redeemable'; 'Vanguard Information Technology ETF, an exchange-traded share class of Vanguard Information Technology Index Fund'","Fee: summary prospectus 'Total Annual Fund Operating Expenses 0.09%', no net or waiver line; left null. AUM is ETF-class; fund-level total $169,218 million on same sheet. Batch name 'Information Technology Index Fund ETF' matches the issuer share-class name.",,
VIG,B03_vanguard,"Fact sheet, As of June 30, 2026: 'Expense ratio 1 0.04%'; footnote 1: 'As reported in the most recent prospectus.'","Fact sheet, As of June 30, 2026: 'ETF total net assets $110,165 million'","Summary prospectus: 'Exchange-traded fund shares that are not individually redeemable'; 'Vanguard Dividend Appreciation ETF, an exchange-traded share class of Vanguard Dividend Appreciation Index Fund'","Fee: summary prospectus 'Total Annual Fund Operating Expenses 0.04%', no net or waiver line; left null. AUM is ETF-class; fund-level total $129,566 million on same sheet.",,
VNM,B10_misc_b,"Fact sheet 'As of September 30, 2026': Gross Expense Ratio 0.66%; Fee Waivers and Expense Reimbursement --; Net Expense Ratio 0.66%","'Total Net Assets $ 469.76M as of October 08, 2026'",,"Fee taken from the fact sheet PDF (read via curl and Read); the overview page shows the same 0.66% net figure with no fee date. Page AUM (10/08) differs from fact sheet AUM (489.20M as of 9/30), page used as it is later and dated. No legal-form statement found.",,
VNQ,B03_vanguard,"Fact sheet, As of June 30, 2026: 'Expense ratio 1 0.13%'; footnote 1: 'As reported in the most recent prospectus.'","Fact sheet, As of June 30, 2026: 'ETF total net assets $38,203 million'","Summary prospectus: 'Exchange-traded fund shares that are not individually redeemable'; 'Vanguard Real Estate ETF, an exchange-traded share class of Vanguard Real Estate Index Fund'","Fee: summary prospectus 'Total Annual Fund Operating Expenses 0.13%', no net or waiver line; left null. AUM is ETF-class; fund-level total $71,396 million on same sheet. Batch name 'Real Estate Index Fund ETF' matches the issuer share-class name.",,
VNQI,B03_vanguard,"Fact sheet, As of June 30, 2026: 'Expense ratio 1 0.12%'; footnote 1: 'As reported in the most recent prospectus.'","Fact sheet, As of June 30, 2026: 'ETF total net assets $3,421 million'","Summary prospectus (Apr 2026): 'Exchange-traded fund shares that are not individually redeemable'; 'Vanguard Global ex-U.S. Real Estate ETF, an exchange-traded share class of Vanguard Global ex-U.S. Real Estate Index Fund'","Fee: summary prospectus 'Total Annual Fund Operating Expenses 0.12%', no net or waiver line; left null. AUM is ETF-class ($3.4B, small). Search snippet cited Dec 31, 2025 and Mar 31, 2026 versions; the PDF used is As of June 30, 2026.",,
VOO,B03_vanguard,"Fact sheet, As of June 30, 2026: 'Expense ratio 1 0.03%'; footnote 1: 'As reported in the most recent prospectus.'","Fact sheet, As of June 30, 2026: 'ETF total net assets $978,960 million'","Summary prospectus: 'Exchange-traded fund shares that are not individually redeemable'; 'Vanguard S&P 500 ETF, an exchange-traded share class of Vanguard 500 Index Fund'","Fee: label is 'Expense ratio' (footnoted 'as reported in the most recent prospectus'); summary prospectus fee table shows only 'Total Annual Fund Operating Expenses 0.03%', no net or waiver line, so left null under the net-only rule. Fee dates are the fact sheet's As-of date. AUM is the ETF-class figure; fund-level total on same sheet is $1,675,038 million. Summary prospectus has no readable printed date (metadata only).",,
VOOG,B03_vanguard,"Fact sheet, As of June 30, 2026: 'Expense ratio 1 0.07%'; footnote 1: 'As reported in the most recent prospectus.'","Fact sheet, As of June 30, 2026: 'ETF total net assets $26,315 million'","Summary prospectus: 'Exchange-traded fund shares that are not individually redeemable'; 'Vanguard S&P 500 Growth ETF, an exchange-traded share class of Vanguard S&P 500 Growth Index Fund'","Fee: summary prospectus 'Total Annual Fund Operating Expenses 0.07%', no net or waiver line; left null. Batch name 'S&P 500 Growth Index Fund ETF' differs slightly from issuer's 'Vanguard S&P 500 Growth ETF'. AUM is ETF-class.",,
VT,B03_vanguard,"Fact sheet, As of June 30, 2026: 'Expense ratio 1 0.06%'; footnote 1: 'As reported in the most recent prospectus.'","Fact sheet, As of June 30, 2026: 'ETF total net assets $77,627 million'","Summary prospectus: 'Exchange-traded fund shares that are not individually redeemable'; 'Vanguard Total World Stock ETF, an exchanged-traded share class of Vanguard Total World Stock Index Fund' (issuer typo 'exchanged-traded' quoted as printed)","Fee: summary prospectus 'Total Annual Fund Operating Expenses 0.06%', no net or waiver line; left null. AUM is ETF-class; fund-level total $96,997 million on same sheet.",,
VTI,B03_vanguard,"Fact sheet, As of June 30, 2026: 'Expense ratio 1 0.03%'; footnote 1: 'As reported in the most recent prospectus.'","Fact sheet, As of June 30, 2026: 'ETF total net assets $663,488 million'","Summary prospectus: 'Exchange-traded fund shares that are not individually redeemable'; 'Vanguard Total Stock Market ETF, an exchange-traded share class of Vanguard Total Stock Market Index Fund'","Fee: summary prospectus 'Total Annual Fund Operating Expenses 0.03%', no net or waiver line; left null. Index/name changing (CRSP to Morningstar rename per supplement); fact sheet used is the CRSP-benchmarked June 30, 2026 version. AUM is ETF-class.",,
VTIP,B03_vanguard,"Fact sheet, As of June 30, 2026: 'Expense ratio 1 0.03%'; footnote 1: 'As reported in the most recent prospectus.'","Fact sheet, As of June 30, 2026: 'ETF total net assets $19,343 million'","Summary prospectus (Jan 28, 2026): 'Exchange-traded fund shares that are not individually redeemable'; 'Vanguard Short-Term Inflation-Protected Securities ETF, an exchange-traded share class of Vanguard Short-Term Inflation-Protected Securities Index Fund'","Fee: summary prospectus 'Total Annual Fund Operating Expenses 0.03%', no net or waiver line; left null. Search snippets had suggested this fact sheet was old; the PDF itself is As of June 30, 2026. AUM is ETF-class; fund-level total $71,133 million on same sheet.",,
VTV,B03_vanguard,"Fact sheet, As of June 30, 2026: 'Expense ratio 1 0.03%'; footnote 1: 'As reported in the most recent prospectus.'","Fact sheet, As of June 30, 2026: 'ETF total net assets $186,106 million'","Summary prospectus: 'Exchange-traded fund shares that are not individually redeemable'; 'Vanguard Value ETF, an exchange-traded share class of Vanguard Value Index Fund'","Fee: summary prospectus 'Total Annual Fund Operating Expenses 0.03%', no net or waiver line; left null. Name/index changing with the Morningstar rename (effective July 29, 2026); fact sheet still CRSP-benchmarked. AUM is ETF-class; fund-level total $254,207 million on same sheet.",,
VUG,B03_vanguard,"Fact sheet, As of June 30, 2026: 'Expense ratio 1 0.03%'; footnote 1: 'As reported in the most recent prospectus.'","Fact sheet, As of June 30, 2026: 'ETF total net assets $223,246 million'","Summary prospectus: 'Exchange-traded fund shares that are not individually redeemable'; 'Vanguard Growth ETF, an exchange-traded share class of Vanguard Growth Index Fund'","Fee: summary prospectus 'Total Annual Fund Operating Expenses 0.03%' with footnote 'restated to reflect current fees', no net or waiver line; left null. Name/index changing: supplement says Growth Index Fund renamed Vanguard Morningstar Growth Index Fund and ETF class to 'Vanguard Morningstar Growth ETF' effective July 29, 2026; fact sheet still CRSP-benchmarked. Batch name 'Growth Index Fund ETF' is outdated. AUM is ETF-class; fund-level total $378,844 million on same sheet.",,
VUSB,B03_vanguard,"Fact sheet, As of June 30, 2026: 'Expense ratio 1 0.10%'; footnote 1: 'As reported in the most recent prospectus.'","Fact sheet, As of June 30, 2026: 'ETF total net assets $8,941 million'","Summary prospectus (Apr 28, 2026): 'Exchange-traded fund shares that are not individually redeemable and are listed on Cboe BZX Exchange, Inc.' (no share-class sentence in this summary; fund is named 'Vanguard Ultra-Short Bond ETF')","Fee: summary prospectus 'Total Annual Fund Operating Expenses 0.10%', no net or waiver line; left null. Fund is listed as ETF on Cboe BZX; summary does not state the trust/series name, so legal rests on the ETF-shares statement only. AUM is ETF-class.",,
VWO,B03_vanguard,"Fact sheet, As of June 30, 2026: 'Expense ratio 1 0.06%'; footnote 1: 'As reported in the most recent prospectus.'","Fact sheet, As of June 30, 2026: 'ETF total net assets $122,306 million'","Summary prospectus (Feb 27, 2026): 'Exchange-traded fund shares that are not individually redeemable'; 'Vanguard FTSE Emerging Markets ETF, an exchange-traded share class of Vanguard Emerging Markets Stock Index Fund'","Fee: summary prospectus 'Total Annual Fund Operating Expenses 0.06%', no net or waiver line; left null. Batch name 'Emerging Markets Stock Index Fund ETF' differs from issuer's 'Vanguard FTSE Emerging Markets ETF'. AUM is ETF-class.",,
VXUS,B03_vanguard,"Fact sheet, As of June 30, 2026: 'Expense ratio 1 0.05%'; footnote 1: 'As reported in the most recent prospectus.'","Fact sheet, As of June 30, 2026: 'ETF total net assets $156,510 million'","Summary prospectus (Feb 27, 2026): 'Exchange-traded fund shares that are not individually redeemable'; 'Vanguard Total International Stock ETF, an exchange-traded share class of Vanguard Total International Stock Index Fund'","Fee: summary prospectus shows only 'Total Annual Fund Operating Expenses 0.05%', no net or waiver line; left null. Batch name 'Total International Stock Index Fund ETF' differs from issuer's ETF name 'Vanguard Total International Stock ETF'. AUM is ETF-class; fund-level total $651,036 million on same sheet.",,
VYM,B03_vanguard,"Fact sheet, As of June 30, 2026: 'Expense ratio 1 0.04%'; footnote 1: 'As reported in the most recent prospectus.'","Fact sheet, As of June 30, 2026: 'ETF total net assets $78,990 million'","Summary prospectus: 'Exchange-traded fund shares that are not individually redeemable'; 'Vanguard High Dividend Yield ETF, an exchange-traded share class of Vanguard High Dividend Yield Index Fund'","Fee: summary prospectus 'Total Annual Fund Operating Expenses 0.04%', no net or waiver line; left null. AUM is ETF-class; fund-level total $96,195 million on same sheet.",,
VYMI,B03_vanguard,"Fact sheet, As of June 30, 2026: 'Expense ratio 1 0.07%'; footnote 1: 'As reported in the most recent prospectus.'","Fact sheet, As of June 30, 2026: 'ETF total net assets $19,502 million'","Summary prospectus (Feb 27, 2026): 'Exchange-traded fund shares that are not individually redeemable'; 'Vanguard International High Dividend Yield ETF, an exchange-traded share class of Vanguard International High Dividend Yield Index Fund'","Fee: summary prospectus 'Total Annual Fund Operating Expenses 0.07%', no net or waiver line; left null. AUM is ETF-class. An older institutional fact sheet (F4430, June 30, 2025) showed 0.17%; not used.",,
WEAT,B10_misc_b,"'Expense Ratio* 0.62%' (footnote defines the term and cites Form S-1 dated April 30, 2025; no net/gross or date)",'Total Net Assets' label under 'Daily Facts as of' with blank value,,Teucrium fund facts page has no net/gross or waiver wording and no legal-form statement. Total Net Assets blank.,,
XBI,B04_state_street_spdr,"""Gross Expense Ratio"" 0.35% (under heading ""Fund Information as of Oct 09 2026""; no date on the ratio itself); defined as ""gross of any fee waivers or expense reimbursements""","""Assets Under Management"" $9,873.91 M ""as of Oct 08 2026""",,"Only gross fee on page, so net null. Page says 'The Fund is classified as ""diversified"" under the Investment Company Act of 1940'. That is a classification, not a statement of legal form, so not accepted. Prospectus not reachable. Page shows '%%TICKER%%' template text.",,
XDTE,B08_yieldmax_ark_roundhill,Fact sheet: 'Expense Ratio 2 0.97%' (footnote 2: 'Reflects fees incurred by the Fund before waivers and reimbursements...'). Issuer HTML FAQ: 'The Fund's gross expense ratio is 0.97% per year.',"Fact sheet: 'AUM $332.5MM'; stamp 'As Of 0 9 /30/2026' (text spacing artifact, read as 09/30/2026)",Issuer page: 'XDTE is an actively-managed ETF.' (Cboe BZX: XDTE),"Gross only, net not used. Issuer HTML AUM field blank (JS). Trust-level wording not extracted.",,
XHB,B04_state_street_spdr,"""Gross Expense Ratio"" 0.35% (under heading ""Fund Information as of Oct 09 2026""; no date on the ratio itself)","""Assets Under Management"" $1,482.88 M ""as of Oct 08 2026""",,"Only gross fee on page, so net null. Page says 'classified as diversified under the 1940 Act' (classification only, not accepted). Prospectus not reachable.",,
XLB,B04_state_street_spdr,"""Gross Expense Ratio"" 0.08% (under heading ""Fund Information as of Oct 09 2026""; no date on the ratio itself)","""Assets Under Management"" $7,786.80 M ""as of Oct 08 2026""",,"Only gross fee on page, so net null. Page never states legal form. Prospectus not reachable.",,
XLE,B04_state_street_spdr,"""Gross Expense Ratio"" 0.08% (under heading ""Fund Information as of Oct 09 2026""; no date on the ratio itself)","""Assets Under Management"" $41,940.54 M ""as of Oct 08 2026""",,"Only gross fee on page, so net null. Page never states legal form. Prospectus not reachable.",,
XLF,B04_state_street_spdr,"""Gross Expense Ratio"" 0.08% (under heading ""Fund Information as of Oct 09 2026""; no date on the ratio itself)","""Assets Under Management"" $50,432.02 M ""as of Oct 08 2026""",,"Only gross fee on page, so net null. Page never states legal form. Prospectus not reachable.",,
XLK,B04_state_street_spdr,"""Gross Expense Ratio"" 0.08% (under heading ""Fund Information as of Oct 09 2026""; no date on the ratio itself); tooltip: ""It is gross of any fee waivers or expense reimbursements.""","""Assets Under Management"" $130,312.66 M ""as of Oct 08 2026""",,"Only gross fee on page, so net null. Page never states legal form. AUM label is 'Assets Under Management' (no 'net assets' label), used as fund net assets. SSGA prospectus links are doc-viewer hash URLs, not fetchable; the Select Sector SPDR Trust legal form is only in search snippets (SEC 485BPOS), not used.",,
XLP,B04_state_street_spdr,"""Gross Expense Ratio"" 0.08% (under heading ""Fund Information as of Oct 09 2026""; no date on the ratio itself)","""Assets Under Management"" $13,917.55 M ""as of Oct 08 2026""",,"Only gross fee on page, so net null. Page never states legal form. Prospectus not reachable.",,
XLRE,B04_state_street_spdr,"""Gross Expense Ratio"" 0.08% (under heading ""Fund Information as of Oct 09 2026""; no date on the ratio itself)","""Assets Under Management"" $7,661.12 M ""as of Oct 08 2026""",,"Only gross fee on page, so net null. Page never states legal form. Prospectus not reachable. Page shows '%%TICKER%%' template text.",,
XLU,B04_state_street_spdr,"""Gross Expense Ratio"" 0.08% (under heading ""Fund Information as of Oct 09 2026""; no date on the ratio itself)","""Assets Under Management"" $23,785.66 M ""as of Oct 08 2026""",,"Only gross fee on page, so net null. Page never states legal form. Page shows unrendered '%%TICKER%%' template text. Prospectus not reachable.",,
XLV,B04_state_street_spdr,"""Gross Expense Ratio"" 0.08% (under heading ""Fund Information as of Oct 09 2026""; no date on the ratio itself)","""Assets Under Management"" $43,536.79 M ""as of Oct 08 2026""",,"Only gross fee on US page, so net null. The /jp/ja/ page labels the figure 総経費率 with no net/gross qualifier and no date beside it; that page was not used. Page never states legal form. Prospectus not reachable.",,
XLY,B04_state_street_spdr,"""Gross Expense Ratio"" 0.08% (under heading ""Fund Information as of Oct 09 2026""; no date on the ratio itself)","""Assets Under Management"" $21,896.00 M ""as of Oct 08 2026""",,"Only gross fee on page, so net null. Page never states legal form. 'Expiration Date: November 30, 2026' on the page is an AdTrax code, not a fee waiver. Prospectus not reachable.",,
XRT,B04_state_street_spdr,"""Gross Expense Ratio"" 0.35% (under heading ""Fund Information as of Oct 09 2026""; no date on the ratio itself); tooltip: ""It is gross of any fee waivers or expense reimbursements.""","""Assets Under Management"" $386.09 M ""as of Oct 08 2026""",,"Only gross fee on page, so net null. Page says 'classified as diversified under the 1940 Act' (classification only, not accepted). Prospectus not reachable. Page shows '%%TICKER%%' template text.",,
YINN,B07_proshares_direxion,,,,"Direxion product URL https://www.direxion.com/product/daily-ftse-china-bull-bear-3x-etfs not fetched (direxion.com returns HTTP 403 to WebFetch). WebSearch snippets reported gross 1.34%, net 1.34%, inception 12/03/2009, undated and unconfirmed, so not used. No net assets found.",,
YMAG,B08_yieldmax_ark_roundhill,Fund Details: 'Gross Expense Ratio: 1.34%' with 'Management Fee:' listed beside it (no as-of date),Fund Details: 'Net Assets: $294.49M' - no as-of date adjacent,"Page: 'The YieldMax Magnificent 7 Fund of Option Income ETF (YMAG) is an actively managed ""fund of funds""'; Summary Prospectus fee table is for a fund of funds (Acquired Fund Fees 1.05%, total 1.34%, not used).","Gross only, net not used. Fund-of-funds. AUM null (no adjacent as-of date). Legal wording is the page's ETF description; summary prospectus statement 'management investment company' was seen for YMAX and not separately re-checked for YMAG.",,
YMAX,B08_yieldmax_ark_roundhill,Fund Details: 'Gross Expense Ratio: 1.33%' with 'Management Fee:' listed beside it (no as-of date),Fund Details: 'Net Assets: $361.43M' - no as-of date adjacent,Page: 'The YieldMax Universe Fund of Option Income ETF (YMAX) is an actively managed fund of funds'; Summary Prospectus: 'The Fund is a recently organized management investment company with limited operating history.',"Gross only, net not used. Fund-of-funds; the summary prospectus notes fee table includes Acquired Fund Fees 1.04% (total 1.33%, no waiver line), not used. AUM null (no adjacent as-of date). Summary prospectus: ym_YMAX summary-prospectus.pdf on yieldmaxetfs.com/wp-content/uploads/funds/YMAX/files/.",,
